leaf-8,leaf-16,leaf-32,leaf-64,leaf-128,leaf-256,leaf-512,leaf-1024,leaf-2048,leaf-4096,leaf-8192,leaf-16384,leaf-32768,leaf-65536,leaf-131072,leaf-262144
0.19446,0.009821,0.007765,0.00909,0.008139,0.007937,0.008147,0.008219,0.008257,0.008219,0.00849,0.008153,0.008029,0.007861,0.007887,0.008079
67.50024,62.532253,57.817075,51.374383,50.267061,70.208779,70.037922,77.827239,83.205797,143.12829,160.202625,144.373586,143.852057,144.660237,141.723698,142.532078
65.408624,63.764928,56.849962,73.444253,56.258315,57.660559,67.713969,75.893282,84.770241,139.243635,274.427972,287.107473,276.290193,281.951304,282.152722,304.914544
70.494298,65.850839,67.035723,62.900852,58.21956,61.478945,79.433472,102.906467,179.623684,295.743891,409.808812,423.799096,411.493695,413.149888,422.437337,408.611981
76.443571,71.781523,62.856759,64.068937,68.333043,74.910062,86.583233,111.393897,134.296957,152.378482,268.330299,598.210736,566.374184,543.692949,554.631736,573.935656
71.548928,67.93262,63.013444,82.246827,77.565985,75.437446,95.69027,122.942068,146.18476,175.473599,459.980271,709.779715,736.265042,702.307161,785.682546,837.561297
80.967516,93.000154,69.866627,67.507311,71.424921,87.463401,96.685995,130.517394,217.74275,397.767726,567.982648,830.078697,829.421546,823.325666,826.242669,857.488329
111.840515,77.106212,72.12139,71.872976,75.018455,87.119643,106.26602,147.998205,190.434621,235.523535,284.675546,362.845695,948.922532,972.499971,1018.288482,947.929539
87.657281,75.926066,71.735241,68.619269,69.883931,78.951312,100.842823,139.018904,171.246656,227.827933,273.614391,546.382243,1099.53231,1099.473391,1093.708488,1099.112406
103.311409,89.337738,76.000127,68.413798,72.647744,83.437754,109.531421,125.468754,175.619089,244.742852,309.891345,708.641208,1214.54599,1229.581115,1220.365522,1223.029422
77.689413,74.138771,68.079655,70.898397,70.451602,80.096335,105.747466,191.88695,227.059632,281.393458,341.291978,822.441344,1351.336049,1349.63635,1382.279523,1515.56972
116.003618,87.556356,90.594886,87.076026,93.540565,111.489293,124.151614,141.923236,181.278122,233.165695,512.716873,984.434828,1497.183252,1548.670218,1501.916572,1504.860611
89.289348,79.03175,78.020977,71.786822,76.871376,102.068849,116.404228,135.317076,182.959987,354.153152,659.600815,1107.431406,1639.561679,1661.621886,1619.517708,1630.36275
82.881622,79.288499,74.19037,86.393808,74.886584,94.675541,121.939662,207.323763,339.329737,536.360731,837.886362,1289.95207,1909.41521,1815.808795,1778.600244,1768.335244
100.525244,100.67544,83.520449,81.699416,88.182449,103.027933,140.126046,171.410131,243.536741,337.244664,456.970637,565.935678,755.330935,1978.281326,1959.347652,2006.721492
95.725873,96.203557,80.211423,80.988597,84.516982,94.13047,122.372882,178.729136,238.414772,327.114075,461.872769,542.218946,897.935339,2079.225662,2066.834535,2124.326185
130.224385,147.873616,121.24595,90.177084,86.146871,96.245735,131.215062,166.851389,231.459248,325.140495,460.481088,540.681852,1064.935989,2177.247979,2147.572653,2155.666945
86.835408,96.995209,77.579435,76.190722,84.170989,94.093412,119.583072,160.483478,238.021926,358.998026,427.722304,546.040759,1185.122784,2269.92741,2290.010878,2285.032282
101.102612,83.692564,82.373946,78.835395,85.683412,92.356075,116.788117,196.613306,222.156925,312.773732,445.163539,541.410841,1335.676302,2400.448454,2460.112422,2466.787084
130.790597,104.593781,118.615405,90.351477,101.948351,118.961848,134.93434,156.661064,228.61797,340.145315,443.435457,558.469407,1484.972463,2559.457101,2752.61565,2624.416438
99.061884,82.724661,96.960285,79.92924,83.703778,111.487885,119.799444,174.366106,241.021745,357.993077,452.853912,632.085216,1671.207211,2758.284705,2800.851732,2715.521158
102.560201,87.143169,83.630087,83.30932,103.554122,104.001353,125.760784,168.101288,233.049947,336.516672,510.092309,804.677435,1819.469283,2869.770564,2898.021748,2850.282566
96.365062,101.048797,82.924241,79.699311,86.224858,108.863726,129.118491,172.191572,245.529271,326.280115,502.115124,1009.758642,1988.919157,3007.21192,2973.998339,3001.180852
91.468403,80.343085,73.882165,74.675821,91.000781,109.506555,128.520826,187.171317,233.327574,389.645138,482.368702,1399.118899,2077.854616,3141.119561,3165.922822,3201.616098
97.92064,89.506938,82.654705,84.298847,108.211093,107.251423,125.554981,188.741133,275.39699,385.009027,939.377797,1365.091205,2240.936478,3447.94021,3384.562225,3230.874066
91.059936,89.649357,84.419712,85.819474,88.314246,99.194194,121.66009,165.964675,232.388356,409.062355,840.796177,1512.373032,2403.234596,3466.314681,3375.021448,3396.923892
94.698959,106.667659,87.188401,94.798096,86.151152,109.687681,120.671861,203.441429,382.320392,618.754908,1057.922128,1630.438128,2596.951389,3523.703458,3504.293946,3645.160843
118.451404,95.761471,88.368133,90.046081,94.999691,179.617686,169.797227,235.789325,353.137286,459.148725,718.500479,942.918235,1109.622547,1251.666651,3685.018456,3765.01583
120.679155,105.346479,93.628393,103.440162,96.06871,111.363811,145.136179,218.54145,305.768655,455.146937,660.16313,899.029143,1096.851837,1393.322586,3802.014745,3885.962625
109.539606,98.409454,88.42717,96.196225,90.984721,106.669038,138.81907,194.328968,296.558554,440.760289,644.202982,893.337691,1116.560597,1579.911305,3997.337127,3876.549431
100.145275,118.363854,87.431925,86.297285,110.390023,112.866065,141.650529,207.514444,288.06708,437.671757,654.477406,889.229016,1071.911396,1736.853456,4086.594023,4105.701533
100.06607,93.939497,97.611799,91.244139,98.259485,110.571377,143.361859,198.75903,286.837415,436.765014,621.088728,860.347733,1073.809599,1917.837439,4276.573443,4272.072318
112.957463,99.91796,93.881895,101.981869,96.488284,110.885328,133.798649,185.145468,277.412376,431.292554,649.052812,855.827715,1128.879547,2057.649411,4420.737686,4358.287972
109.420532,101.651797,120.758149,100.085373,106.361958,134.450269,147.554718,204.297713,299.20803,471.894658,664.842743,874.86872,1045.916908,2212.725446,4483.554308,4447.1957
96.46362,93.230393,89.167825,85.126931,119.431632,130.013564,138.414564,189.640219,281.448347,437.468284,617.643464,845.031741,1111.462725,2375.504058,4710.254009,4701.696254
115.83836,100.214515,92.406411,97.650233,116.651071,110.211159,135.171191,190.100484,291.414437,425.165308,643.403155,878.166736,1133.407688,2545.443855,4779.563789,4782.359995
109.595883,94.414371,100.42498,93.362211,93.515054,118.381862,134.302951,189.804696,276.741794,433.667189,616.922418,885.299401,1113.169887,2656.048384,4930.264032,4905.221542
99.801942,93.685337,90.559361,91.526491,94.012391,118.602494,142.459925,199.40361,272.676793,433.733418,738.016209,980.024144,1125.062744,3000.952761,5121.420575,5049.453323
98.081105,97.30949,91.324043,91.838412,104.236066,104.108904,151.133415,199.175748,275.004939,551.860369,883.923567,956.078656,1119.875487,3086.424928,5374.053978,5568.782857
99.506849,110.574847,82.440616,129.64006,117.23567,109.103732,138.217334,247.76677,303.58474,434.92797,654.928326,937.495356,1236.979519,3251.372709,5234.521621,5243.877844
106.806539,97.212328,88.544741,86.458775,89.97384,123.383619,137.654186,188.409783,286.418153,475.21647,662.685632,928.914683,1259.562405,3268.995372,5411.61113,5389.929675
146.225311,114.116517,130.296633,114.86852,120.88291,132.381859,164.488774,223.976941,304.692438,431.741235,646.39766,875.335364,1421.743073,3434.365679,5737.710311,5811.739571
108.434987,102.603651,119.247986,117.452097,128.136028,148.928443,168.289389,220.454077,305.742632,438.039293,636.741511,909.2214,1568.694071,3486.715609,5832.602605,5786.906317
103.235038,89.96049,90.492056,86.472807,103.41716,107.946093,152.612847,200.474214,306.258564,435.320373,623.459525,920.264853,1951.266356,4108.315954,6250.580612,6386.089574
141.996669,110.681218,94.272809,89.368618,107.944709,111.839344,143.760339,207.879535,298.140839,427.458189,630.759739,871.458865,1919.295308,3785.330227,5889.694735,5906.986137
99.609289,90.074929,89.389358,87.165782,92.859794,109.027904,139.831293,196.907961,289.034597,431.179672,625.807983,883.398974,2087.16375,3925.424301,6029.770376,6087.773862
92.204751,85.820344,96.022915,83.32189,88.056529,105.439368,172.702024,202.660535,290.012216,442.059811,784.866676,906.090252,2292.127744,4171.191731,6156.834554,6151.712155
105.704184,94.911006,94.195566,92.587192,104.241458,114.592217,143.373794,203.513186,299.68858,442.353569,661.632741,1104.734488,2467.595989,4353.992378,6703.883095,6929.490523
123.608763,102.928624,92.181225,90.178648,120.160031,112.494994,142.655211,200.452161,281.820805,444.036394,642.034666,1313.39923,2758.554856,4500.441102,6586.180773,6496.862571
94.497829,92.367503,88.197509,87.106005,98.555827,111.369861,150.819837,192.84772,282.179266,429.673431,633.518204,1492.503404,2769.345184,4549.679661,6600.638349,6786.340675
136.111903,155.237075,88.267725,88.047264,96.297303,130.106833,153.122016,207.568589,293.056019,433.312071,837.048909,1660.914725,2937.050754,4822.918274,6795.007135,6761.523817
135.179195,93.011505,103.199501,83.189546,91.356429,168.129169,133.58003,238.519574,293.539946,482.660599,1035.675766,1884.468724,3133.576129,4936.247889,6816.89663,7121.110054
119.721149,98.594582,110.613964,111.196326,124.103162,119.833572,159.435523,225.210943,370.513021,722.133099,1358.116451,2113.874634,3331.889105,5163.485401,7182.580645,7003.241481
108.312731,100.705063,97.531075,141.591188,141.270175,122.625957,171.249164,230.594626,362.474863,582.199321,884.001551,1509.187679,1954.546228,2330.239239,2310.33894,7022.532408
108.715537,104.724975,106.720194,108.958027,106.065987,122.199942,162.122382,240.773958,345.967443,627.385808,999.762532,1392.73399,2114.878525,2278.120252,2500.953633,7378.671344
146.578277,105.500308,114.786954,111.014233,118.931716,141.102615,182.782139,261.083495,385.519063,589.463433,920.393842,1295.222842,1790.362407,2243.142379,2648.577963,7923.273656
116.776103,105.489213,96.810475,99.583731,114.814773,155.307497,162.027551,253.783505,362.426948,568.520229,881.656764,1279.825919,1778.013934,2156.127808,2797.186225,7507.845767
108.944253,104.069762,100.392093,100.196762,108.429039,129.278402,161.440684,243.297511,343.954165,527.877563,825.381876,1320.573694,1754.668712,2140.783504,2958.265086,7771.108714
105.94184,99.012024,92.191803,94.864051,109.530966,121.489793,180.085361,231.157955,346.483189,552.086133,834.042407,1239.245971,1716.744097,2120.602204,3109.443333,7799.916058
113.880268,99.034698,95.168831,96.657998,106.195869,121.018803,159.897532,242.477314,345.350205,526.888792,835.551521,1220.051237,1753.959067,2222.334342,3303.8095,7921.268924
111.16175,101.327353,103.183223,113.573094,103.276395,132.015991,160.427464,230.074184,375.978206,565.089731,886.307162,1318.261973,1798.610879,2259.744622,3542.383491,8259.117229
106.289814,100.304105,96.36873,112.36608,108.582759,120.652713,161.039002,223.024357,372.895976,552.648345,853.427197,1277.562147,1745.346829,2151.44471,3650.435893,8293.433398
129.743309,372.118002,101.288662,102.128773,107.26573,125.184452,161.544352,229.296139,351.136665,527.126391,861.748243,1221.875607,1717.688774,2110.769853,3737.18944,8359.90345
101.598582,96.972307,95.627799,95.377401,105.24775,118.134945,153.86331,230.095486,336.123332,530.440324,861.775638,1217.876445,1705.879602,2069.332232,3937.583711,9390.972767
128.243498,136.41924,118.640426,129.074288,101.822157,121.026672,199.637953,246.522935,337.072108,523.427949,838.950623,1210.61389,1703.02369,2075.785456,4031.271918,8490.601063
98.153236,93.48598,90.164391,89.802096,100.751743,125.990896,152.351999,214.558044,342.809069,524.770062,808.867293,1219.875719,1685.328604,2075.652209,4230.874874,8711.492924
112.781016,97.69112,112.646672,96.782352,107.095913,121.852768,157.690942,225.667852,363.153128,570.608937,833.400575,1205.761751,1696.170538,2087.593592,4282.372698,8824.77645
106.902325,98.448553,126.292709,98.381257,100.451371,120.937832,152.805844,218.36093,371.003606,538.787105,844.763209,1237.402012,1668.167643,2079.980159,4573.583963,8947.280596
102.391595,94.251894,115.459774,94.355573,99.414777,119.019186,154.190349,225.707608,346.067984,535.21233,818.479761,1204.474044,1681.455909,2109.228924,4705.95798,9211.959263
100.656123,96.891536,93.422895,93.774668,101.602169,119.31388,161.607343,242.912587,345.857657,549.1737,814.972752,1233.106334,1696.031843,2081.671151,4781.711215,9179.088714
107.308211,125.176163,94.107758,100.747699,101.562573,118.307189,152.382361,235.788442,323.259542,503.426989,799.1677,1195.196274,1703.913262,2674.953563,5590.501743,10288.552886
155.091351,158.035524,98.258189,108.081818,118.760662,119.71934,151.270148,219.18746,391.99908,527.683754,837.348829,1177.398861,1700.749261,2090.464807,5116.224158,9533.848466
108.018781,126.280562,93.88736,92.959534,106.801764,128.882105,154.30919,220.157164,339.169024,541.888562,807.980704,1172.653365,1708.340907,2125.151435,6106.384136,10133.311596
107.015225,124.329423,97.742863,106.292674,113.404716,120.491649,159.328721,234.65739,352.445244,592.364427,877.089539,1234.789358,1704.377374,2126.324386,5466.354533,10128.235231
101.09885,103.09307,96.216488,93.327053,103.158513,118.007718,156.406954,221.424483,335.374529,527.018644,817.385619,1613.804816,2082.204229,2475.761136,5869.616379,10327.156077
102.784649,94.869608,90.501872,98.359583,99.680875,151.190597,189.358046,245.881852,384.182621,591.543751,922.207892,1446.794229,1931.31474,2429.104523,5733.167969,10149.774239
101.480705,93.29129,95.692565,96.802954,98.051401,119.94929,163.820326,218.956051,357.453544,516.02311,844.008717,1287.359728,1780.78442,2193.396325,5983.383108,10215.95739
136.089876,123.627903,97.517673,91.604103,97.465027,113.307025,148.661211,211.846778,316.166218,511.912825,821.773134,1243.856124,1751.33655,2233.194043,6026.796891,10442.035435
103.890437,94.594408,87.866528,88.014923,97.276666,114.018873,149.99499,212.324443,326.328325,529.378702,850.18333,1245.692375,1770.358138,2264.71902,6125.050415,10664.829379
105.890662,104.849564,170.538413,126.059082,124.755403,156.900112,181.109106,237.08797,372.122464,589.851895,884.680393,1283.476151,1811.97463,2494.129846,6713.97103,10700.371342
111.198836,101.667307,97.496575,104.632809,100.414875,114.560104,171.318831,228.509032,343.811489,571.258567,907.901562,1328.13746,1813.023747,2898.219527,7032.317963,10920.972586
98.882402,94.760015,90.321003,88.722065,96.872689,114.367795,144.732632,225.624346,312.175259,524.390997,859.541885,1318.996017,1919.042453,2892.755209,6904.158386,11025.878738
124.157953,119.773339,129.974574,119.210261,125.431385,150.24014,186.858226,267.306868,388.423069,640.885977,834.47002,1246.126714,1732.652053,2794.989548,7050.084582,11374.113218
118.170838,150.244937,107.474328,109.37854,124.415719,134.666213,184.968255,254.417706,376.604568,583.504831,979.067183,1285.474115,1746.78633,3143.870167,7224.708829,11598.463543
109.226687,101.225774,97.827227,104.285195,108.041124,149.325081,168.23408,234.464528,357.450922,555.467208,834.745878,1516.300506,1747.685364,3363.566231,7699.750563,11207.856295
103.800668,98.691004,95.324556,112.359379,119.74018,123.346489,159.68619,248.953992,358.447779,784.522838,1076.613785,1364.207492,1953.48271,3378.528588,7392.43117,11719.010734
111.91315,126.020267,98.306424,93.249211,101.044418,119.653864,157.272751,228.901373,342.385079,528.825771,819.973718,1230.643006,1725.197745,3546.065412,7867.499626,12063.876384
92.523961,88.062014,85.77388,88.136099,117.087178,115.554445,161.781215,225.926807,346.652553,534.278275,811.780031,1209.789112,1746.286867,3653.324332,7517.019247,11610.461758
113.38786,101.131684,94.152052,95.564849,102.47625,119.574147,168.991747,223.146964,356.67166,547.493358,822.3491,1250.214407,1722.902642,4023.574397,8277.185684,12379.380423
102.295731,97.642262,93.090588,105.063865,103.416936,118.748914,155.946537,279.900172,406.047296,554.623732,858.074146,1277.581243,1729.376796,4229.396395,8146.950616,13271.509743
103.972929,154.5357,117.221128,112.076141,115.712029,143.504928,173.071429,248.902584,349.108785,543.563146,827.590421,1354.986712,1730.228115,4154.882766,8005.679483,12098.66478
100.791771,96.449132,93.44793,92.524712,99.513488,119.470406,285.659774,233.396568,358.058491,590.177788,820.286135,1252.479738,1774.013652,4486.641621,8099.981388,12203.884691
99.335723,92.013191,88.355829,88.159907,98.359984,114.936096,153.854724,223.865806,346.376966,531.483949,836.792499,1240.387237,1774.407808,4517.06487,8559.952462,12412.292435
137.178144,128.903108,114.622638,95.049149,102.301836,120.058126,212.335807,279.358137,417.836369,582.420567,860.212632,1265.844799,1979.294281,4773.177015,8397.175049,12501.185341
106.330586,104.477921,104.742091,97.136918,104.360106,124.063493,179.705301,235.803709,388.788199,555.881246,839.621321,1248.762009,2224.024408,4815.42779,8458.287548,12644.983459
102.832783,99.753756,97.860726,95.109405,102.817613,120.991378,159.912947,228.335627,369.870005,552.397269,862.450654,1248.026046,2346.370665,4985.486074,8725.345695,12658.526422
121.946403,112.092037,110.002429,99.987652,107.060838,122.399353,173.275684,226.254888,352.21853,536.877836,905.71954,1395.08241,2662.850886,5238.865447,8723.403214,12818.040262
105.123482,100.588695,94.166232,98.596907,103.094149,120.415665,158.018492,230.949098,341.606644,531.9278,830.730084,1244.30313,2740.032045,5324.560648,8859.222022,13762.7601
103.554222,100.209056,95.676799,93.669945,101.926769,118.536867,155.284233,221.572337,335.483976,524.86143,816.415902,1241.004958,2898.350547,5564.523253,9151.671695,13032.633349
113.145869,104.819051,120.300845,115.147721,112.024723,129.426086,177.964419,228.186502,347.962847,546.207977,849.522799,1379.28549,3077.406828,5703.367533,9174.560162,13210.42488
113.196434,101.765203,100.010723,97.944543,103.687853,135.271464,182.839658,237.861405,354.846949,532.009754,854.56331,1558.091977,3241.958772,5866.130254,9283.112839,13405.217179
137.188455,98.94868,101.334087,98.694996,103.324714,134.259502,162.338965,241.889226,344.959477,533.600575,828.539528,1751.888154,3534.292745,5963.081532,9403.586169,13628.397962
105.339263,102.987074,92.580515,94.831751,100.089113,118.794005,161.175344,228.722816,355.674024,534.43212,914.320451,1949.313977,3646.010305,6095.671476,9696.229004,13663.246908
110.678226,101.490113,100.209565,106.147887,109.929175,127.23687,161.693123,229.048085,339.093025,533.124356,1100.423785,2115.990147,3783.304205,6290.182807,9767.598957,13757.390767
116.578888,103.802983,102.028491,98.171746,104.900847,127.250735,159.576735,225.712884,342.366087,693.0024,1297.266814,2358.759357,4012.891202,6401.589081,9853.020932,13835.226178
124.430511,120.442559,111.519775,115.5416,121.569937,138.129373,182.161135,268.178306,412.208616,678.394532,1071.452243,1703.620957,2570.019566,3577.680466,4313.803207,4316.927806
140.031129,109.003623,107.879422,106.632649,119.993332,137.781481,181.278561,263.408558,419.354914,668.694695,1060.459556,1678.184172,2636.431833,3579.579863,4332.522201,4572.345354
118.79413,112.453493,121.648831,107.873729,117.724748,141.928034,185.446004,279.585969,424.66849,652.400293,1051.694705,1656.563634,2570.009491,3570.061219,4293.374173,4670.606298
117.107875,111.316958,105.873099,106.713532,121.622854,149.571731,182.08045,259.619819,423.856587,655.604941,1031.694813,1668.086304,2562.081889,3603.265211,4309.194401,4951.050897
127.892756,108.111491,102.280763,101.151091,111.40835,129.713846,174.267038,263.227013,400.823402,632.88536,1063.560904,1690.72032,2608.986211,3564.456534,4286.421778,5017.661275
203.169342,112.248372,110.724511,107.880996,122.449079,140.123174,186.908608,268.710221,420.348472,685.661136,1080.488951,1663.721369,2494.277032,3463.194599,5257.087063,5267.052807
118.097066,133.888481,108.602833,110.622843,119.495469,139.304653,182.570143,265.667043,420.955539,674.374865,1072.248113,1656.563117,2468.674602,3438.709131,4258.569669,5296.2342
124.882644,127.537441,109.366616,105.850173,114.942862,136.29598,180.856082,263.70432,418.846677,652.021926,1050.201263,1659.335197,2461.016788,3454.205616,4370.131724,5522.27193
116.92536,111.302294,105.449213,111.239804,116.627069,138.126341,180.212127,260.812614,404.065819,653.744066,1048.305976,1669.518732,2473.460544,3492.112436,4365.233711,5750.400252
124.318901,108.265407,111.421429,106.474726,113.731357,136.059572,188.326839,259.254424,425.937236,648.564353,1013.345664,1608.539418,2399.417211,3488.49263,4241.081696,5903.382973
120.8477,108.305596,105.841458,104.342607,116.087985,140.968954,180.86816,255.214336,410.399692,635.7109,1010.498944,1607.913566,2417.073712,3345.370793,4146.41368,5936.09727
266.746883,104.81645,101.385029,102.653879,110.09606,129.847903,172.297498,254.739141,421.48921,632.684936,1030.733738,1604.11491,2429.591251,3377.64148,4150.591008,6173.997298
112.951846,132.905283,135.408516,111.113167,112.665021,135.620338,172.01163,250.503495,399.704965,627.447255,1028.291035,1610.279855,2432.756402,3427.859291,4146.374025,6269.18381
154.01293,107.014555,104.130583,104.853195,114.226943,135.889966,177.334413,267.933965,402.09354,645.013905,1039.050402,1687.136391,2419.032721,3425.989858,4203.164913,6417.731512
116.245527,103.378883,100.855936,106.263735,126.277911,143.760343,185.985378,262.281655,391.913327,638.872699,1041.999854,1604.326204,2406.758542,3398.557021,4227.130476,6688.616982
155.794703,109.706766,108.374811,108.765042,114.325839,145.323257,179.507194,254.099163,416.527662,642.405911,1017.20472,1601.468638,2387.12558,3313.984572,4105.144857,6841.019916
116.011516,108.806828,102.794063,104.707757,111.822112,133.172292,186.651435,264.700617,390.797676,643.627073,1015.090759,1572.610208,2393.326036,3422.855125,4122.844838,6835.760933
109.292605,114.352211,99.160951,105.803184,109.181279,143.517338,170.754715,246.119034,376.596,651.015425,1027.183744,1610.80408,2412.452175,3884.393716,4197.477647,7175.644374
135.215532,121.998525,119.740257,124.364928,145.786334,156.324835,197.995197,273.288578,417.478139,618.963383,999.024658,1580.209713,2408.543017,3340.954742,4112.039602,7171.7808
122.927455,110.9295,105.823626,106.142936,120.301879,139.4995,196.244827,273.544427,399.752826,629.282527,997.010327,1574.512289,2383.040855,3400.159824,4187.572036,7508.403594
117.252524,107.269778,103.794223,106.519768,112.759242,135.465347,175.960812,260.811523,406.991557,618.33168,993.718755,1569.714862,2367.85054,3347.598023,4187.89797,7598.708788
113.402067,107.96106,113.302581,103.51118,112.494168,132.848549,184.173118,252.428251,397.990328,617.346469,983.508525,1561.638754,2380.582992,3281.826918,4173.884609,7791.612581
117.052006,111.824933,107.957297,106.701515,114.999022,136.050487,176.523076,251.652416,388.207987,626.457992,973.607513,1572.29663,2412.430364,3435.854432,4089.410963,7798.811783
132.996144,122.089185,132.806213,115.743922,122.633543,140.274974,177.823743,274.602134,396.121186,612.626902,990.82682,1567.618928,2385.006561,3324.111582,4141.025428,7944.941867
117.269866,110.897235,101.158348,106.065472,114.035729,133.522481,173.055183,249.746374,389.484642,626.877412,1008.375123,1568.201339,2381.711523,3339.221847,4124.206778,8130.568924
112.864886,106.138719,103.388124,108.501019,115.246782,132.115898,183.297429,272.433081,395.295051,630.695931,999.407236,1562.928967,2397.404435,3333.087778,4107.081148,8359.195176
118.586278,101.271356,103.654327,103.391363,121.651283,128.819211,167.956469,246.420646,394.214028,611.741938,996.700324,1593.087962,2364.799334,3355.966707,4678.788006,8610.807598
117.942406,110.42618,108.498801,112.463307,125.057423,138.92385,180.835284,263.166635,407.981114,667.268514,1026.55736,1646.031453,2368.781499,3302.240397,4205.280227,8610.115441
108.598308,102.340111,95.222849,100.788944,116.757347,126.227622,171.195154,261.763435,409.36817,637.089555,1016.74513,1608.778441,2389.754803,3246.737499,4066.788744,8806.739851
123.182219,144.094983,106.258901,103.977426,114.903392,146.343312,174.831189,254.878261,391.169908,623.861232,1060.031036,1598.526537,2372.313536,3256.089829,4202.682173,8974.452333
120.157239,105.243542,105.088194,106.459172,123.763015,136.650092,182.631478,264.968915,394.890318,638.450216,1018.897883,1576.757988,2387.248672,3286.629769,4165.493584,9016.613065
117.981944,108.657267,103.469414,105.518348,136.913828,131.385327,174.292466,252.019766,425.56277,620.692548,1014.034715,1582.191068,2354.548627,3388.199834,4119.274006,9122.958704
117.686191,109.836995,107.189834,110.731194,114.455912,136.529399,175.993312,254.771432,426.045906,635.236316,996.77701,1572.498704,2418.06139,3340.882028,4136.118251,9398.658294
120.550523,108.454171,108.42838,105.425328,119.992724,137.828793,177.301825,271.343398,395.829877,639.124287,1000.372087,1560.921815,2345.979228,3263.793656,4120.574668,9519.330895
112.318863,106.164589,104.853214,104.909016,130.868825,205.012922,177.611958,253.740367,400.465407,627.132389,981.723434,1551.733094,2314.775265,3359.735415,4210.306875,9673.822816
118.215017,134.139034,103.134775,105.874218,113.884466,159.062885,176.385573,250.491108,397.859333,606.946429,979.625177,1554.827689,2361.151093,3500.324417,4125.793047,9898.367202
117.174929,106.286411,105.538891,103.913155,127.316687,134.315499,172.765533,260.560546,388.947569,631.031242,1000.351206,1580.613554,2287.388447,3447.022975,4236.404778,9914.574273
112.887129,108.617272,101.446455,111.283601,113.006188,132.646834,173.383471,265.404279,400.625906,631.732831,995.839069,1554.159823,2300.126987,3306.880604,4130.34648,10070.741246
106.935761,100.310264,102.550747,98.575682,115.272759,126.645462,165.610743,242.631529,386.626846,626.663496,1003.826758,1538.218632,2329.394519,3441.778894,4265.86552,10212.259123
140.093167,113.214759,109.499088,104.388734,112.357922,143.610641,176.696325,255.08022,394.835775,653.898623,992.630801,1530.883623,2328.126599,3320.296325,4199.600502,10407.388365
111.590644,106.873651,126.513542,102.211402,115.668936,133.731154,184.858739,249.040929,420.917326,616.137731,985.768636,1550.790858,2337.708267,3415.667162,4168.008936,10515.635392
114.920224,110.55548,109.632943,105.619642,126.085194,134.476777,177.35764,268.039928,388.518064,627.456374,1002.474793,1562.931822,2340.009767,3370.121736,4262.950738,10792.068715
112.907172,107.918927,102.091159,104.198531,113.372741,131.514028,181.813913,261.97359,403.80228,630.370323,990.758812,1562.229918,2357.393812,3336.877353,4281.956591,10765.401008
115.729745,107.969071,100.572635,121.626759,111.788959,150.786754,172.567236,249.75608,385.48062,612.022344,984.941972,1552.742858,2376.35921,3452.226803,4171.565939,11623.17418
143.576372,107.491042,105.083475,111.069957,116.590667,133.079282,174.083805,259.017763,408.926368,630.644067,1010.006213,1540.725868,2411.018073,3392.104661,4266.97978,11177.58579
109.483432,103.218887,102.452388,100.25457,121.986316,129.255788,170.777623,261.574296,386.806712,621.582974,992.13599,1543.746583,2364.596584,3495.031644,4208.466629,11378.131905
144.977394,97.98529,97.351236,98.994936,122.326504,131.977894,176.230317,259.206054,384.910028,636.565994,971.467106,1541.622334,2388.828648,3480.968546,4197.834014,11451.552782
121.640887,108.07858,102.435125,101.743502,113.295005,132.862714,173.456142,257.548603,393.466157,615.927717,983.697025,1578.217443,2429.794276,3659.113504,4297.7032,11933.933263
116.577612,108.572551,107.155117,103.551254,111.141695,144.253524,173.744562,250.01074,386.184766,638.16059,1027.300374,1615.725552,2506.730365,3469.83633,4330.73449,11836.829433
110.259437,108.983996,109.830757,101.509973,112.895874,130.585254,169.82874,251.869387,391.474327,615.594578,972.537203,1596.336742,2436.793013,3499.298677,4450.66377,12102.993431
160.820196,105.144606,101.441755,102.987668,126.625555,143.766648,171.137849,243.974957,381.681289,613.47908,1004.766228,1630.163887,2510.086805,3485.656662,4988.446402,12156.317311
115.123362,103.320559,99.440895,100.276658,136.76846,131.349094,174.900424,242.746561,382.569052,628.448367,1012.329357,1632.752903,2482.770761,3577.387242,4366.12545,12372.125023
115.797777,98.703434,95.404343,99.396628,104.816264,132.970723,168.739045,248.04216,397.426318,665.604133,1062.136833,1684.487005,2503.722053,3987.689028,4733.219377,12555.668467
118.022903,111.304196,134.775707,110.132472,118.714553,138.448745,187.186216,276.346154,405.072169,732.359803,1057.329778,1690.132838,2684.789004,3477.283157,4568.208228,12523.553609
110.953253,105.861331,101.386147,102.268502,112.274077,131.492913,171.501736,249.642524,401.586743,645.967399,1039.921827,1690.626961,2540.864652,3478.822082,4891.473877,13706.952705
141.643098,130.38166,122.446171,105.885481,122.826395,129.782395,174.206526,252.630564,401.459475,624.509345,1009.698819,1796.033125,2712.866547,3620.6085,4932.445588,13351.538214
110.404339,111.710252,98.949157,99.677249,113.089544,132.681976,171.0944,249.650932,414.933269,643.550097,1081.753483,1691.240969,2543.378816,3649.103035,5120.176223,13042.543673
109.374144,101.246761,95.671482,119.037228,181.322796,159.854224,225.35548,293.213055,389.953301,716.92343,1154.982626,1733.516564,2552.685791,3524.472852,5254.787456,14841.217483
119.164637,106.90327,121.166929,113.647686,107.253355,134.815252,168.948883,233.937747,355.74457,593.019234,1030.332515,1706.06957,2567.900302,3819.949357,5830.313549,14091.730737
162.621169,139.168762,164.576435,138.14536,203.992644,174.261379,221.578087,312.78351,490.356652,742.47748,1145.984374,1679.390238,2560.589904,3552.788027,5576.229778,14402.050316
139.265235,124.562112,202.427088,123.456237,135.780036,157.66496,208.622461,346.623182,448.957012,730.890613,1103.342966,1645.337509,2455.770143,3614.565669,5923.619815,13865.905591
127.123864,118.104689,117.452795,122.727631,122.490224,184.102469,235.825632,294.808956,448.999944,709.460888,1220.778559,1637.987506,2502.104529,3452.895173,6298.023664,14720.146295
129.100379,111.794711,110.539378,114.911403,124.989973,149.610456,197.335082,314.314471,526.828344,743.968693,1118.118019,1673.895444,2495.419539,3460.127131,6327.661844,14145.699942
126.044042,112.801521,115.809982,110.278293,132.846854,148.899962,207.864287,295.110687,421.685176,696.217468,1103.402909,1670.506131,2779.635426,3531.085779,6618.495657,15738.29618
128.139828,129.64128,135.940829,119.708718,131.406691,145.582747,207.47906,285.136013,432.763,681.936586,1156.003784,1775.884853,2833.184937,3946.556988,6632.80013,15081.436448
128.499563,121.103169,116.24117,132.977392,121.57274,152.446524,182.928385,269.345021,444.750612,693.680778,1174.310644,1893.903152,2795.915389,3801.472369,6840.780092,15135.411802
168.884593,149.888663,155.636073,141.811964,121.373905,149.686813,193.516291,281.327087,580.664034,792.632812,1080.364439,1683.292649,2523.795687,3710.17608,7241.005732,15908.934921
128.902065,118.629395,133.65561,126.515121,122.626848,152.727209,187.508095,263.594373,420.878509,781.001905,1097.374553,1719.07499,2593.634146,3514.912847,7189.134448,14986.670329
122.567875,112.875992,130.763795,124.424771,125.611293,145.491635,193.342207,310.808202,436.119826,692.877202,1094.538596,1642.391491,2704.057254,4282.036959,7509.542808,15409.482002
106.351639,107.539268,106.168609,99.13701,108.119606,144.733859,181.441524,494.445072,420.641372,677.429512,1054.69283,1640.588632,2632.660548,3450.698616,7530.99101,15237.744175
118.473068,128.812089,112.066088,125.808147,122.646283,150.312657,224.816046,360.160967,466.909023,741.898191,1099.50434,1772.902313,2738.14912,3599.785119,7858.596306,15478.230631
139.462661,124.285386,133.240801,120.820288,119.637247,142.332251,193.330697,276.289475,508.710726,659.298198,1063.746309,1634.81252,2497.841148,3608.899123,8033.474469,15531.419219
120.188976,120.401804,108.687767,112.171051,118.934364,138.97054,194.320546,270.240009,421.158828,672.377648,1061.315401,1644.683864,2471.013427,3588.46314,8164.75184,16480.051353
120.245877,123.175527,130.319273,106.592597,113.076255,224.551206,196.237986,367.174389,638.300848,665.844921,1105.220769,1718.476221,2684.345417,3648.569191,8150.42259,16064.430404
119.411667,110.618073,104.171585,106.967406,119.209646,143.191518,183.379634,274.87711,460.994289,689.76032,1043.78902,1654.642139,2524.454659,3540.732217,8234.546594,15907.180006
155.463689,144.910702,128.072892,108.158753,116.712615,137.507434,187.319678,261.640428,400.27122,661.002353,1078.689785,1670.63421,2546.569204,3641.385445,8579.407119,16484.111786
113.841254,107.04342,112.061973,123.812268,122.089043,145.992464,186.822306,274.05758,448.462588,732.385824,1051.636214,1650.735145,2550.663563,3729.061558,8693.976691,17913.149322
122.948636,114.489335,102.591334,115.779031,113.049239,141.856315,175.217743,277.060121,439.760434,673.444667,1368.044463,1827.146636,2549.890921,3485.079107,9289.376563,16503.880355
108.158138,111.046736,139.398383,176.951239,124.402417,144.051876,202.745536,322.035426,420.349596,662.719794,1061.675199,1644.256344,2449.147296,3525.521744,9307.51044,16654.519414
135.191248,111.196462,104.636222,98.046523,107.551303,137.047644,168.006522,246.583759,411.166165,659.169058,1036.896399,1604.41904,2499.440617,3714.459062,8991.439958,16648.409059
124.729249,109.282611,110.48616,119.449295,120.586746,149.15979,183.916801,311.013831,409.404756,655.049831,1049.459583,1623.854339,2457.017365,3807.315588,9347.525624,16916.559817
114.976541,107.385008,113.06259,103.313722,111.652715,132.571741,176.692418,281.043445,412.310605,668.053077,1057.460412,1612.162878,2511.304369,3888.077787,9482.643005,16726.422449
116.664881,107.735752,105.947624,106.061509,130.227319,136.504893,177.562895,268.549083,394.104934,628.221654,1084.727464,1590.906146,2418.122345,4157.167906,9598.213822,17007.526205
133.690457,115.493536,105.314932,107.895776,116.305789,152.349045,186.747333,263.773932,419.551135,675.123466,1074.715368,1662.273319,2482.616191,4338.668297,9557.668878,17028.274936
160.699246,109.303622,104.618522,107.45262,117.00328,157.711804,178.116636,313.624216,419.505441,656.417633,1079.641721,1640.37431,2473.095563,4499.057061,9776.888137,17235.23999
115.023032,698.356828,106.78847,107.687144,115.949827,136.405774,181.724061,262.77033,413.561816,668.250644,1048.470021,1655.548537,2473.295232,4922.510758,9990.701874,17369.017719
148.704555,104.663247,101.70773,105.745404,111.771054,130.475559,171.365758,247.071788,388.937691,640.579615,1038.107111,1642.770105,2474.637823,4908.615875,10254.000406,17304.998602
130.989025,120.274998,123.755885,127.18654,115.92857,133.635766,190.03083,269.85084,406.147324,653.701137,1019.249378,1615.745734,2507.948785,5120.107705,10408.233635,17711.833937
115.265298,108.773937,108.477277,104.095411,114.971669,136.784598,191.662501,281.483387,410.056817,663.179068,1032.228025,1615.076262,2446.786665,5474.567403,10473.791978,17882.529485
117.893461,108.47029,102.69736,102.914173,116.183012,137.626236,182.034488,263.323179,409.358401,651.994326,1051.003232,1647.747113,2438.863843,5533.212071,10776.4049,17966.306937
116.171477,106.992321,112.367009,117.254649,111.432961,132.445946,184.868697,252.93431,393.182844,638.123166,1029.988271,1605.70817,2593.917246,5749.984783,10981.315567,18365.609568
115.324884,137.023669,102.153815,116.638654,121.128037,135.289295,181.308382,252.691703,391.942003,649.394647,1016.337548,1626.577592,2469.434433,5752.187864,10978.200442,18664.549633
146.457776,111.311095,105.211448,111.478095,119.775088,139.180743,191.479209,262.638552,404.27127,691.0936,1066.942667,1662.169542,2484.448401,6063.594175,11142.948421,18454.781961
121.22186,146.720511,132.935347,112.097465,121.025934,144.701285,191.347253,262.498448,412.44068,640.541203,1030.281698,1619.334109,2700.543276,6211.645686,11281.829038,18355.814565
112.965986,112.529685,106.813908,106.16109,160.477005,134.75649,178.000331,257.09024,400.014907,638.440155,1021.867429,1620.575615,3104.729701,6372.942139,11557.014187,18525.857483
130.92493,109.963075,103.137965,116.045365,116.199303,145.111823,174.527186,253.269037,401.495684,638.204233,1023.037622,1626.926273,3173.178114,6533.980459,11509.965053,18909.112537
116.611117,147.801167,105.767562,116.867884,115.390355,137.517238,190.843986,252.994591,392.479305,661.155038,1019.197285,1580.66667,3313.516481,6662.497797,11802.712515,18821.825147
111.598057,104.201695,103.065701,106.044389,114.392163,135.047517,177.952964,266.068074,411.202613,649.765443,1031.428127,1611.193763,3504.018198,6853.147292,11968.598124,18809.553126
152.829298,113.059647,107.988598,106.780316,112.001689,132.185424,174.998239,256.136806,407.309759,644.24469,1031.005288,1596.57534,3756.087798,7205.031436,12205.664424,18850.765065
111.336316,182.265197,118.25565,105.134583,109.697448,133.635977,177.363219,258.755475,390.521058,662.063662,1029.408238,1786.851599,3877.407378,7337.619252,12232.123633,19205.122189
129.865913,123.472372,115.513374,132.16052,127.045813,154.607465,206.687153,277.764167,422.644927,645.995466,1017.069628,1949.336721,4054.362292,7456.464455,12466.40117,19465.308587
119.922513,112.0793,106.859147,109.0184,119.509773,138.378716,194.164388,262.208906,408.038989,648.107907,1020.382386,2180.69496,4252.485872,7683.339137,12687.2976,19635.884042
122.446899,109.455853,106.107272,119.739379,120.237649,139.946027,184.224471,260.725793,404.06439,635.888679,1157.968408,2399.454292,5083.135381,7780.915742,12732.377832,19645.090362
122.968981,114.018125,106.036599,107.089339,113.487731,133.914269,176.432444,257.064902,396.512023,629.470435,1335.95646,2579.797225,4639.366739,7929.998473,12809.331339,19935.860646
121.796588,112.076798,107.325418,107.176634,123.554702,149.567783,180.71903,261.865645,423.150846,834.725497,1573.319434,2780.153576,4839.129444,8124.397306,13128.441015,19931.200531
129.114085,121.55997,122.518196,137.87163,147.234957,154.306099,201.087082,299.105647,467.429732,774.795498,1297.876391,2127.559719,3333.74995,5737.5099,7283.051281,8730.737813
127.118392,141.999781,116.891219,118.108103,129.135827,156.161911,203.803687,298.626128,475.569426,775.300239,1275.231336,2068.046251,3340.972273,5066.706485,7170.118052,8756.595454
126.285625,118.997601,132.644009,129.529391,135.705835,154.330786,198.402023,313.92871,478.324363,774.478557,1283.666071,2084.956761,3345.463049,5105.083445,7079.28961,8708.424147
125.40394,155.328601,141.812893,118.862975,129.71934,165.121734,223.356279,311.70846,479.186443,796.519449,1268.722902,2065.436813,3267.83419,5109.568265,7207.399189,8822.814509
838.141012,115.396235,114.319303,116.092776,126.772353,148.695737,197.469665,297.765773,475.972568,780.870891,1272.982845,2082.036721,3290.927118,5201.084695,7114.651754,8781.4132
113.50219,105.085187,101.185214,101.906564,112.711601,156.701948,202.248501,302.307996,469.302693,785.086707,1253.05357,2047.743988,3278.264492,5086.227709,7208.452671,8776.785056
128.302815,118.226398,111.594501,113.430631,125.928706,148.625904,198.840281,293.36977,458.005637,774.466246,1253.833762,2033.249059,3274.933776,5232.462016,7126.653136,8773.190362
126.207838,130.720936,110.04075,110.533342,121.20814,143.616271,195.448846,284.038691,452.863188,751.318689,1257.09292,2070.206692,3308.74081,5058.995283,7137.151348,8766.501135
162.210829,113.975841,110.027359,113.390471,117.839205,149.250659,207.223961,293.572918,454.741884,756.197557,1219.30387,2020.620851,3276.517067,5064.821417,7221.578871,8626.227671
129.061557,126.546288,120.652414,119.866962,131.555864,157.374641,215.614366,306.988973,482.635126,833.08803,1328.577371,2151.861868,3322.016206,4865.89227,7034.751484,8530.069889
138.849224,118.556924,114.357652,114.224388,124.58391,164.00012,205.80243,304.431225,497.750862,792.405713,1310.302341,2116.896259,3296.2744,4902.90866,6922.120768,8541.586813
123.869577,116.367435,113.043028,117.126891,133.735779,152.348517,212.545766,300.248952,471.03903,775.436661,1295.461992,2107.80136,3398.660562,4863.873647,6845.263438,8549.951432
126.070622,149.485255,127.972095,119.156124,126.960916,153.508563,199.951222,296.33638,486.766269,773.929138,1280.196106,2099.37572,3307.541392,4859.074659,6809.255183,8515.873985
121.430537,118.061724,114.346353,114.795853,123.542479,147.459878,196.342062,291.2704,467.625314,776.275908,1306.675243,2120.024548,3352.331738,4935.961042,7001.556413,8498.168789
140.098337,125.926252,118.128863,115.756881,132.846896,155.530438,195.437785,292.249157,469.915489,778.604499,1279.339394,2102.250775,3317.833208,4936.835988,6890.850977,9002.640194
115.613649,108.913514,105.245441,109.06865,120.70629,141.726172,187.384896,283.74951,472.333538,761.678847,1287.525818,2079.560699,3341.613916,4851.443899,6806.536365,8587.547628
128.223499,118.456386,113.985398,129.392106,138.548611,161.076256,210.802204,302.200478,459.391584,772.418101,1251.967003,2071.440992,3302.696518,4925.326173,6948.252631,8705.81246
129.239653,157.326911,117.242934,118.325637,128.894937,148.943668,196.65585,290.880906,459.512867,767.099673,1260.758029,2037.32589,3219.122844,4863.4995,6888.681406,8517.381237
166.709477,115.722039,115.247837,119.540774,129.295421,153.077259,196.599358,288.66502,454.387159,758.047571,1238.923922,2052.045523,3227.032044,4794.502213,6823.488494,8332.751299
128.324125,115.1199,109.70325,111.908493,121.129117,144.723107,205.571677,289.604397,455.358016,747.496325,1235.710946,2010.780048,3278.825637,4823.550345,6876.034511,8522.966046
122.928389,114.340621,111.542485,112.587176,126.976363,146.890458,198.288501,288.263339,476.69988,752.525269,1234.017449,1992.809248,3242.605916,4778.702388,6691.84254,8356.318604
118.979965,115.305139,112.878405,112.618526,122.616864,150.753932,201.260917,307.635552,468.475726,746.023692,1219.982792,2020.646494,3183.648965,4820.009646,6857.453464,8343.477946
126.082963,147.546569,108.922859,115.185522,121.244586,145.458497,195.097661,288.306012,454.527861,779.852244,1230.71339,2043.975605,3194.085856,4778.022947,6761.065625,8397.044761
129.458819,122.497401,141.893516,122.444553,136.685666,146.852981,196.320205,286.320003,449.302777,754.336982,1269.626165,1993.235511,3216.133038,4861.908376,6776.238198,8428.986234
122.337756,147.512463,111.078979,112.81218,122.134805,142.931578,195.631881,282.067675,458.55816,721.105773,1217.124643,2059.746701,3294.659636,4850.789248,6885.586736,8419.994635
125.533594,147.51192,110.170611,114.915997,121.931574,144.416205,193.621351,286.673912,976.984811,755.362747,1275.410815,2046.256439,3170.250254,4782.561841,6668.445787,8411.481056
126.467858,117.058742,114.760336,115.244495,123.847899,151.903617,205.341219,296.38021,487.806183,774.504464,1251.735262,2005.051535,3222.074916,4817.126078,6963.550419,8579.85275
123.250044,114.862194,111.830558,133.863371,130.646159,148.649456,195.140767,287.510392,462.261801,739.076859,1236.34333,2006.719773,3167.672757,4780.698842,6778.413664,8464.969696
120.410137,114.220121,110.9619,115.672285,129.160687,166.965581,198.362894,299.46469,465.585277,738.861315,1226.23525,2016.482884,3209.731834,4749.47318,6746.903919,8441.276264
124.675119,138.725527,139.487359,117.565854,127.862945,150.831166,203.08627,295.808239,463.67495,743.07428,1227.454976,2019.339502,3171.799538,4859.488008,6592.469076,8333.661995
129.082669,121.582682,113.056756,112.088013,128.730151,157.906583,200.565877,289.995456,459.059081,754.838012,1223.776705,2043.464558,3160.116074,4849.583557,6726.214615,8308.686847
122.826034,119.217494,138.54912,112.6137,124.044424,151.563027,195.811833,285.273213,463.409013,744.048951,1248.867346,2013.261974,3164.70993,4745.920006,6683.839342,8309.161689
120.831314,112.936978,114.109697,113.777942,133.998179,144.015717,199.944004,288.122107,450.788295,757.434568,1221.75489,2029.720298,3144.936863,4739.269147,6650.650063,8206.083791
120.591325,110.5785,109.513627,109.434634,119.365922,143.44432,191.241094,290.925842,455.880615,753.979518,1243.132988,2000.40918,3192.095974,4755.885865,6651.887114,8386.687837
121.667162,110.632115,107.583399,108.582052,117.9327,143.64344,188.218299,287.836877,431.744187,725.112492,1261.580924,2013.72182,3137.395676,4839.358193,6860.432074,8410.876139
120.925682,107.863875,106.816431,106.686256,114.24782,133.67261,184.164123,275.077101,426.84198,724.975151,1233.222096,1997.39518,3127.919673,4767.275799,6667.401676,8323.314015
136.752284,129.915972,127.273823,128.196675,139.582958,166.655774,221.852211,327.488116,490.544316,785.181788,1220.940169,1941.825427,3233.848436,4892.737283,6761.619895,8414.123459
159.044328,154.492552,116.865246,126.035338,146.926009,154.637557,206.958648,306.966753,485.208943,775.640145,1222.887179,2016.439554,3142.462694,4814.895649,6612.977711,8326.922141
129.637049,119.18554,114.092956,119.392188,126.395217,162.44959,200.322959,292.70895,462.698599,767.321693,1240.118659,1959.677252,3127.322258,4753.212603,6659.068274,8403.034432
124.130933,115.868469,114.520003,113.116586,123.708613,146.297183,194.645295,286.340601,451.062772,743.226433,1240.223046,1999.117984,3173.240118,4802.733355,6694.18217,8501.404051
160.269105,116.226062,110.385878,115.494326,133.467273,147.650998,194.622929,290.351484,469.562412,729.801543,1208.162061,1972.298761,3136.817289,4813.034043,6630.985674,8752.970746
128.765831,120.827192,118.593177,138.099605,130.370405,155.238047,199.983497,290.870564,469.984598,764.664538,1232.41422,1964.525202,3132.860092,4806.174683,6624.648202,8242.180854
127.303213,122.126084,115.132531,113.992106,172.373449,170.608227,204.377086,283.286277,453.097202,715.788014,1210.551898,1936.940016,3188.846412,4722.298145,6623.374593,8323.199244
119.613084,143.34295,109.012883,111.56189,127.038265,148.230168,198.754061,298.205183,470.065608,745.862802,1207.565695,1966.179643,3164.280102,4842.49823,6604.860987,8276.630481
125.642656,120.464361,113.38424,115.607749,132.138498,171.641606,220.855452,287.872343,458.92254,720.820839,1209.849436,1927.356884,3115.804467,4661.518574,6749.413428,8306.342852
121.898545,118.762131,114.23061,111.997715,126.702169,145.091351,200.05316,289.752858,446.511463,762.236542,1212.200458,1954.238763,3096.326176,4765.467537,6742.377357,8402.620113
181.712706,137.929502,133.543571,128.054405,135.60241,156.781951,218.564748,285.694672,440.244014,732.431643,1190.202356,1948.569596,3082.978918,4698.237651,6587.601087,8333.765419
130.936373,148.028184,110.127109,111.676042,121.320668,145.196547,197.637591,288.292012,442.112969,735.124328,1193.83078,1969.417598,3158.203622,4823.322369,6592.948722,8341.480086
117.210686,112.455236,134.495609,112.088947,120.425963,143.677512,202.299832,279.098887,445.781015,732.188087,1193.479221,1948.668767,3155.591927,4665.119776,6712.085886,8388.177078
117.714074,112.139952,107.670677,109.95884,118.505959,141.073053,189.315792,277.429577,455.652621,739.058925,1204.991579,2005.09663,3201.618002,4779.370187,6866.565007,8286.462715
121.94441,116.067259,108.171328,108.416549,118.168338,141.233237,199.744417,290.824428,444.488846,733.098868,1182.682655,1991.502401,3112.023895,4744.408507,6662.621085,8404.355989
115.384818,157.890595,146.936829,127.047316,127.824779,143.112427,195.184637,291.02173,437.636713,756.125791,1193.629569,1967.312911,3167.487234,4775.169754,6722.806004,8303.797869
117.495185,112.402415,106.070032,107.278159,117.703849,144.55102,199.116673,288.117527,436.820313,727.231613,1218.143739,1959.920506,3142.558108,4721.424959,6806.244326,8342.577409
123.922654,115.019792,113.998708,119.591966,127.114939,152.02757,201.205825,294.944859,506.978774,776.837436,1284.095695,2079.43241,3247.204367,4735.163867,6470.43107,8267.373884
128.745153,149.329761,116.948772,115.713079,129.312337,151.314169,216.82211,297.456604,483.605599,768.998797,1273.245167,2069.59918,3272.096152,4747.187105,6454.34251,8182.377929
124.667608,116.935833,137.547752,154.645109,130.755663,147.200661,193.397688,285.573814,472.526432,759.840597,1229.222591,2006.120474,3202.495096,4699.406863,7088.694838,8215.605512
113.240342,109.891256,106.266659,109.654051,129.962458,139.050359,206.889425,297.335442,466.594552,771.943581,1255.453415,2028.087252,3242.95281,4853.448789,6584.595268,8369.462585
120.249872,115.831383,116.091238,115.990806,140.685793,159.863162,227.67828,300.425067,451.431665,768.098395,1261.903733,2037.942334,3258.874412,4827.757611,6661.22692,8323.57491
147.786374,117.866446,116.205308,120.004724,142.988532,149.112918,197.121599,311.062215,453.427525,773.982982,1232.222784,2041.163327,3204.98575,4878.677722,6685.82178,8394.71484
123.621108,117.933398,115.716994,123.160862,130.64214,157.76149,201.394788,305.855923,453.962185,748.774533,1265.209099,2037.552554,3220.926219,4732.953827,6624.180443,8383.069373
134.475862,156.568796,116.284845,117.301447,125.704838,166.998268,203.512824,297.878226,467.810826,767.457321,1247.68302,2040.52172,3203.384029,4896.12114,6601.520053,8386.635181
128.076688,144.825736,116.467858,128.020306,124.547504,150.275496,209.174586,296.731707,475.487031,752.494123,1238.729734,2022.772666,3205.96026,4769.361124,6689.107719,8474.589999
132.973638,131.914229,117.714875,134.439486,125.773368,149.694138,196.671295,297.700166,462.938206,744.636496,1217.206592,2054.443033,3224.01105,4732.479868,6672.472812,8401.081208
118.618439,116.395453,142.169148,127.820274,123.138829,143.806297,205.754944,282.008604,450.003577,739.010442,1215.443945,2017.28497,3191.385989,4790.63006,6703.39814,8358.708138
137.785026,122.07152,141.915228,131.295016,141.695688,169.590025,204.301711,315.762575,468.907327,769.468979,1240.527483,1975.594951,3138.869112,4722.845291,6757.215344,8440.251919
132.538389,119.183122,116.267956,116.776638,124.235957,159.127768,200.422308,291.961129,487.61524,788.718785,1429.257738,2139.487213,3429.090244,4797.690597,6804.938382,9001.778552
126.145433,130.911446,117.362974,119.513677,146.412143,196.30266,248.273366,361.880878,480.137546,772.149291,1283.316365,2094.13943,3222.875705,4906.147713,7229.306579,8515.953905
122.552264,120.728856,127.077209,118.377904,124.206987,151.81969,207.478846,297.805419,469.125733,746.946778,1233.818125,2067.849484,3305.34006,4808.878507,6785.022954,9479.890507
142.052286,123.52169,114.492219,117.129514,124.396201,159.472707,209.970472,291.4673,472.307158,767.10948,1222.168596,1971.711482,3137.898466,4777.870824,6756.926166,8724.682188
115.523573,110.082678,105.161812,106.934071,146.629029,146.629964,205.468003,309.079015,465.718093,735.126396,1229.528067,1990.900484,3167.682645,4815.249317,6794.37904,8648.651765
133.33744,124.628768,114.467837,116.163129,130.151102,157.798475,205.232205,291.631339,454.871382,737.507746,1184.263164,2010.82796,3172.528449,4873.590123,6741.463393,8486.360569
131.015878,127.168589,121.198242,113.517404,123.96731,150.163303,213.353527,325.466295,481.684273,763.365229,1260.64138,2052.301132,3206.809864,4942.735353,6896.048192,8619.388468
126.709044,151.717952,131.188271,121.208131,152.983351,145.923859,196.123985,291.710609,453.934189,747.759791,1287.298282,2051.667653,3222.794156,4887.864018,6896.533038,8564.005029
124.785994,118.862336,116.895089,117.273995,124.112972,149.373456,201.635597,333.791284,591.912972,876.338201,1273.168635,2195.012729,3433.828389,4775.513737,6897.441957,8882.695608
131.519043,124.6268,119.57022,111.408558,122.126953,163.391997,199.817988,296.626324,483.060228,756.997839,1284.635782,2000.550167,3154.126025,4661.984124,6967.703705,8613.176182
130.856033,121.962646,107.53175,110.564239,119.166196,144.248836,194.500572,310.948911,454.896933,737.28745,1194.637422,2030.752455,3121.274496,4616.499512,6812.533662,8547.847824
150.439921,114.560313,104.238474,111.083106,117.111611,137.783381,183.566793,276.948656,447.375965,741.171986,1215.913454,2018.484752,3317.919489,4631.80666,6952.089589,9005.218211
133.938163,126.565587,121.870213,127.801802,134.518512,170.515808,217.760905,313.432218,460.392988,725.047004,1236.356125,1976.903883,3091.974533,4705.85337,6726.692793,8410.33891
135.457291,127.220754,118.7206,116.593151,125.715181,147.556642,205.975921,290.375537,468.977711,744.844945,1202.997849,1981.816389,3057.028917,4683.35766,6684.475548,8567.14563
136.412743,158.699507,148.165053,130.66762,137.433198,160.377974,199.898222,301.156255,451.242457,767.414342,1212.662126,2148.051634,3269.205089,5012.584412,6753.653068,8631.124675
121.461363,115.965702,110.958001,139.873432,130.133596,158.347582,254.595246,314.698248,470.948436,773.788701,1239.268843,2031.173316,3182.389406,4790.60703,6960.186606,8654.8445
122.741629,114.834209,112.47969,112.436014,135.586517,154.870591,192.708703,305.399846,475.651692,779.406336,1211.34935,1981.055533,3243.83031,4788.875359,7096.433889,9006.403129
127.802858,120.649465,119.344378,127.748717,136.853265,163.378978,201.383915,319.257641,466.735012,753.075924,1229.643009,2119.775169,3153.351618,4996.280551,6798.87886,8669.654634
126.099462,145.964593,135.060186,132.412341,121.908196,148.452353,200.248121,288.655743,459.805141,820.565991,1257.437256,1992.776105,3156.863922,4951.855713,6868.755293,8595.007621
124.860335,117.72376,112.503562,111.558707,124.119552,145.396363,194.520084,287.15171,458.80384,750.783504,1204.445781,1975.695711,3160.654809,4732.861522,6839.580148,9021.639349
139.425024,117.55008,115.131429,138.749458,127.073963,164.363528,204.757927,295.258188,466.320548,758.856783,1220.504868,1968.616401,3131.563622,5031.351362,7260.405393,8734.416943
181.298008,151.996961,112.264832,131.077028,127.857202,145.883014,233.365231,322.55029,525.64586,742.785755,1297.241273,1966.121295,3273.493933,5095.248208,6825.278335,8782.016144
143.970575,154.250553,176.630975,146.044357,139.970489,161.531097,227.43136,300.704673,452.191642,753.622681,1210.360526,1964.103793,3122.461516,4891.263469,6787.52449,8608.341531
130.790552,123.616986,114.447971,116.901159,157.783946,181.717611,213.31556,294.928896,475.670771,790.884448,1272.862085,2016.95177,3206.186221,4960.683956,6934.249403,9288.231318
120.132428,123.185038,120.943887,131.35246,148.267873,144.581347,195.672513,309.284416,476.441278,910.240734,1350.29489,2024.112595,3091.069576,5151.542609,7183.178716,9156.286856
139.946124,125.217013,138.072447,128.863303,136.878234,184.641291,208.838801,299.271835,488.084887,772.962994,1311.771532,2174.144973,3441.394901,5253.519372,7527.881632,9196.46514
172.540927,127.804146,135.546552,118.557879,142.277232,170.895644,216.421235,325.751027,495.496317,815.32506,1299.215072,2126.892803,3313.119079,5080.258585,7633.964455,9302.475651
131.475137,122.34159,121.502606,112.925976,131.448865,197.33239,208.519434,322.885983,504.867734,827.645368,1298.941324,2039.509417,3447.380174,5113.588886,7236.313947,9214.766824
163.175114,122.53095,112.3409,113.700931,121.257121,145.055706,204.035017,298.34702,452.208412,725.343534,1189.677479,1957.949086,3171.276881,5175.294188,6773.522648,8601.145045
166.375792,123.988718,122.288051,114.36346,123.26685,148.523366,191.094951,296.60409,458.174817,729.687204,1228.300987,1917.974873,3101.83594,4801.386779,7041.812004,8558.875859
121.898694,156.067414,137.226589,111.673268,122.50843,159.465073,194.61481,283.27548,457.318905,727.26413,1180.235266,1915.027681,3133.181701,4866.349635,6946.222342,8503.305739
127.066696,119.81048,114.230583,113.420239,123.989422,145.058543,192.63114,291.186377,454.690057,726.854665,1180.485812,1912.241156,3113.451248,4812.419396,6879.088722,8570.673734
127.013345,110.392781,102.124462,106.128057,114.899511,133.076304,189.379645,272.300148,463.209034,718.663449,1177.126127,1915.040776,3127.201791,4833.933029,6837.662809,8646.272032
125.457262,124.470135,139.435355,114.16466,129.263079,158.867913,192.035323,282.571147,450.953497,728.841101,1173.563236,1906.91217,3193.028018,4952.367659,6803.924819,8567.949657
119.843915,149.894303,114.803654,135.336893,122.864963,145.677729,206.663774,287.491567,436.30542,710.943078,1167.33255,1954.072498,3273.307572,4932.843401,6839.554862,8600.264618
124.338187,122.264935,112.252286,114.027147,125.255682,146.010192,211.591064,280.152168,439.591092,701.922612,1180.580566,1960.981437,3223.101761,4969.955379,6908.642598,8749.349462
119.575876,115.275813,107.305322,113.934692,122.384504,145.39985,202.768484,294.376486,447.254228,715.594304,1186.537341,1973.7295,3257.1243,4877.538693,6899.049242,8660.827011
127.154474,129.199436,112.091728,116.170307,121.487489,142.33158,190.759004,292.760293,452.708354,724.87002,1184.529291,1987.286817,3326.175171,4887.634706,6915.801788,8572.773206
125.404616,114.306833,112.419724,112.357149,124.179592,147.463841,192.97146,291.968554,456.007524,742.823732,1222.196869,2011.306025,3317.468166,4927.796721,7015.012935,8672.525304
119.411317,173.809559,106.9106,127.689746,120.261504,158.184749,189.285102,288.031369,448.45581,753.74004,1243.618188,2056.484768,3241.976537,4985.584741,6930.993646,8634.955196
131.904288,149.805569,118.20776,138.856876,128.080246,150.078956,201.915098,311.011567,475.561459,770.16729,1260.217329,2063.50992,3311.369326,4984.942582,6883.761693,8833.316274
130.649862,162.940651,121.640991,121.81512,131.545,154.106861,205.101932,315.880727,475.051496,773.323288,1249.357302,2026.06392,3269.662506,4933.068593,6870.107541,8879.81001
123.614991,155.970993,114.445648,115.072755,140.126365,166.146439,223.960301,292.213587,464.200477,758.474916,1244.957406,2007.326449,3266.773424,4943.704375,6854.357052,9174.580283
123.073314,116.844693,116.40477,117.658135,124.338989,151.983201,214.916041,285.540155,450.015137,737.495336,1220.606231,2002.628932,3313.045494,4934.367564,7081.356965,9273.246529
193.706013,161.252956,112.702665,111.61005,156.935493,145.622535,192.995212,287.445957,490.279324,736.822902,1209.24865,1996.670006,3288.75874,4962.486441,6869.325901,9606.70841
135.454406,129.634543,121.424787,148.797334,124.629719,145.905821,193.636411,298.049781,453.750255,737.223472,1240.855284,1965.434018,3371.622701,4958.904446,6953.12435,9629.452113
127.059367,114.447389,112.728129,114.172861,125.515206,163.090979,194.506586,290.162037,446.150045,721.268893,1193.446593,1956.217186,3263.69668,4984.321059,7006.340894,9769.679547
122.558545,120.82216,108.394468,112.289245,119.66437,158.976462,203.024456,279.988356,437.902303,711.9203,1185.237093,1955.277909,3299.488684,5140.577566,6944.980963,10014.715074
119.781032,142.068826,111.258325,108.536858,120.146423,140.458085,187.372102,275.697227,457.146981,712.750361,1171.334328,1959.280747,3449.183393,4954.638547,6912.845448,10254.38091
120.17545,112.152051,107.013777,128.329966,115.958472,140.156511,186.785519,272.156234,442.570562,699.921547,1148.316225,1953.982949,3356.601725,5022.386479,6855.956707,10329.94764
126.300869,109.611817,104.294144,103.171862,135.374672,138.649326,188.347624,266.205044,456.970513,675.12754,1134.316771,1937.967095,3283.61933,4941.59036,7436.234143,10600.967262
124.136089,122.201045,105.156008,106.848511,114.288078,139.153914,184.063355,257.412084,420.759359,675.487495,1129.65839,1946.793193,3339.886614,4915.659142,6905.273699,10678.366517
110.010913,105.389057,98.74898,98.654271,108.116873,126.662233,170.805661,246.626706,399.976046,677.450762,1129.76788,1939.879361,3382.502409,4911.379818,6888.716546,11397.210143
160.09198,144.847334,138.792645,141.300063,155.439411,181.583401,239.478196,348.23081,544.620929,858.947624,1358.782198,2110.563666,3289.266795,4755.92428,6739.708958,11074.125122
140.273769,139.819698,132.239154,136.506693,148.112802,182.256322,227.190869,340.861091,529.7858,857.441916,1357.439337,2115.121338,3144.395715,4783.848645,6894.280023,11126.106133
166.019337,161.243668,139.61111,127.33902,140.655099,194.295908,224.993683,427.186264,518.962859,858.199679,1369.338051,2125.106311,3185.694846,4779.157239,6776.086874,11435.299825
129.646645,124.100748,122.721496,123.803443,134.165414,174.900652,237.100961,313.983069,506.36819,827.20717,1386.235102,2118.584012,3207.071252,4922.950164,6792.114849,11413.238345
134.235968,139.865856,141.090244,124.7686,136.929616,160.552242,217.279571,327.616561,503.5421,815.453898,1322.489281,2132.780827,3188.233327,4804.184175,6788.735508,11683.982022
133.153372,123.461357,124.552197,126.250016,137.467804,159.779282,224.377279,439.342354,496.466331,811.447361,1311.357137,2111.401159,3164.999296,4967.98657,6764.323304,11971.065023
132.175185,131.076337,123.098505,125.175676,132.873819,158.163464,211.854972,320.245218,491.645146,806.803445,1299.2861,2126.847589,3305.406213,4778.503363,6811.221236,11945.515573
131.58341,158.811569,122.014055,121.136884,146.452022,169.753301,206.516458,303.434337,474.249434,792.856859,1295.553077,2098.695127,3196.936029,5030.829155,6758.306331,12247.626528
168.973743,134.148233,119.899622,127.999368,131.045696,169.20316,208.427869,310.646642,504.757467,812.044127,1332.515343,2179.90037,3479.087094,4876.59678,6881.708838,12598.248904
127.775277,139.962525,126.139091,122.797077,138.941747,161.148352,210.857435,310.841245,506.93205,828.145538,1313.487876,2102.914707,3305.995317,4871.820043,6962.010682,13228.800628
183.895595,164.259468,153.070315,147.057899,144.400159,224.208174,223.852893,298.51211,480.536187,775.657236,1267.348635,2049.433633,3222.344728,4812.388809,7312.837322,13530.544871
132.071501,128.387284,119.378797,133.95216,150.526885,159.72719,209.11353,303.924869,477.636223,771.829067,1281.377393,2049.40179,3194.687761,4931.90446,6789.043114,13070.390518
133.513131,121.000976,116.672558,134.337744,127.60925,155.318638,205.556979,310.429282,486.855396,788.846745,1263.086173,2086.947587,3197.489102,4878.670957,6889.535418,13199.76964
126.440428,122.517229,120.003373,126.559531,125.703332,152.985989,204.034486,292.858375,534.940469,760.69636,1261.429297,2057.978389,3376.572692,4818.402682,6841.350421,13382.593774
128.77903,122.497398,138.862913,119.66529,144.107342,154.941379,224.90194,299.343286,471.628612,782.983473,1243.480519,2051.286945,3186.93409,5000.234532,6715.574226,13485.637704
116.751531,156.936621,116.017841,111.218892,120.459846,150.834102,224.571812,318.138343,510.925111,764.734434,1276.288081,2059.370308,3210.987101,4927.502613,6914.45997,13865.096806
167.728163,225.003014,120.496977,152.895166,142.913028,166.366754,212.330791,323.1355,502.206643,888.123377,1351.570302,2144.288363,3349.324483,4869.339624,7004.426455,14406.087117
132.39822,130.20169,123.709697,123.27292,134.025727,190.183652,220.818814,309.487041,500.443657,795.6874,1310.589673,2118.602349,3264.558618,5144.398682,6895.758124,14206.376913
121.541649,123.927275,125.099959,117.443084,137.900318,190.956529,222.396072,425.231821,507.209675,769.183037,1535.464649,2157.451151,3376.584818,4977.152536,7037.772613,14615.535486
159.945315,137.971285,116.274059,122.916381,123.928043,149.701765,201.170274,296.65449,500.825338,813.159055,1304.796627,2079.232706,3208.2404,4961.214479,7006.468515,15344.97552
142.692658,120.7436,111.902812,105.826174,116.621992,176.823731,190.82519,304.220439,480.34149,984.530035,1443.910527,2206.554281,3178.176906,4945.087133,7154.976014,14932.989733
131.879237,117.140338,117.344082,114.420479,130.924258,149.623155,197.397939,297.513377,485.857915,776.015364,1284.928041,2100.100788,3590.412019,4975.132359,7664.318694,15231.845487
130.228021,125.301182,131.413431,125.156962,132.3351,153.104907,217.523562,308.430968,495.382653,803.304412,1468.629384,2275.051897,3246.177595,4842.866644,6932.060266,15503.247622
189.160913,130.8575,117.775156,121.987925,126.945584,152.08662,208.680667,303.330506,464.010453,790.153962,1362.023565,2113.799409,3269.52744,5436.744397,7240.841029,15858.995151
150.8545,159.546335,119.077873,120.478514,126.069994,153.10039,213.768705,316.815515,470.951846,790.08367,1260.420246,2076.173853,3311.430967,4908.003348,6978.553316,16407.998506
124.245318,120.923488,134.921541,121.116727,145.081976,301.363749,390.815422,373.994013,574.05193,834.296493,1285.301595,2090.094853,3445.639888,4902.625768,7171.397214,16005.658301
153.60295,127.125139,113.242647,138.773765,129.227119,159.504563,205.606751,300.616124,473.810653,858.308845,1565.591822,2320.166289,3470.630433,4916.730141,6940.079135,15876.226417
156.898106,180.896483,120.34058,127.557428,136.212071,180.404814,218.395215,301.701521,484.467388,772.478635,1250.834832,2006.908108,3371.606091,5060.051098,7024.751698,16190.457173
125.747662,124.094021,115.660383,117.120679,152.528789,154.022394,200.170771,289.32488,465.948645,749.610739,1230.858707,2004.700743,3192.317071,4968.695818,7010.307174,17657.80943
222.617722,116.289214,148.623703,117.578887,122.98929,151.141693,200.492771,306.011468,500.570382,810.924897,1261.337778,2036.423465,3206.813756,4857.461093,7047.848504,18188.736275
122.649507,155.732707,140.126131,121.293869,141.466529,166.08404,231.891382,351.545703,533.685464,860.383708,1597.223356,2316.274203,3450.721253,6079.797568,7878.210402,16657.732137
132.824931,119.874475,116.624057,117.682985,140.415834,153.848429,204.195877,320.228278,487.45551,758.88334,1293.192998,1996.543095,3240.401231,4965.012039,7022.654764,18040.840252
135.094893,150.657465,111.272136,123.393179,129.079958,160.012178,203.829436,323.463591,479.284289,762.45547,1260.586178,2069.87124,3325.042378,5521.010612,7484.619928,18170.563158
183.366105,160.519248,954.59434,240.426138,186.749127,213.871949,249.015681,331.858017,510.429853,769.206256,1244.987629,2085.051071,3238.975172,5027.749491,7431.386851,17787.080522
160.72191,121.932543,116.783434,124.345698,150.124718,166.334431,301.896854,636.20101,699.277431,1217.081167,1464.422532,2015.029949,3318.69186,5014.018741,6999.914057,17610.270306
145.941566,129.884358,128.065686,146.997254,181.941883,162.855779,206.878517,306.202652,461.812279,757.512097,1243.488751,2033.228808,3305.869461,5109.011964,7305.761134,18186.440222
133.514092,122.352462,115.468852,116.632097,132.425549,152.326096,200.266647,292.555996,463.17135,898.994598,1365.494354,2049.224512,4311.06209,5007.292893,7001.764281,17771.168348
169.249087,154.671953,175.541757,180.767919,128.660539,162.800726,207.615074,308.222164,464.083739,783.034778,1241.658669,2035.630686,3343.997582,4834.416833,6909.654789,17601.846804
133.783421,174.681359,203.766056,145.504814,153.763495,151.19447,200.856396,412.485712,488.864847,921.747257,1312.454393,2227.350863,3391.746251,5060.61496,7027.558215,18833.732592
132.024296,130.408947,120.576938,125.527704,149.517716,192.862355,211.4777,320.491396,617.03102,805.686729,1372.30297,2096.518425,3434.185242,6399.491576,7190.149683,18916.731033
145.866365,192.704033,121.133093,114.78465,133.819728,167.015968,213.197533,283.786446,471.287059,775.334177,1285.212375,2053.28408,3270.59071,5013.083112,7491.128164,18381.709064
160.415755,132.101182,195.540678,131.164142,145.799343,170.400444,227.699009,316.980803,491.962346,780.048334,1247.347651,2091.85884,3329.334949,5300.961504,7756.847431,19226.740899
131.39653,140.341318,120.636923,130.801695,135.87135,169.768914,237.280357,329.617118,523.756957,785.493797,1282.704803,2042.682438,4015.901186,4860.454705,7539.225395,19439.401404
143.788524,127.313032,149.92688,128.454406,139.950944,176.813695,225.080404,304.504352,522.15088,759.583542,1281.19707,2077.685452,3294.146938,5091.225097,7922.490263,19159.679077
133.636897,130.584111,124.947466,117.221681,135.130067,172.805615,223.163468,292.713179,491.600482,807.48242,1274.832689,2048.678944,3482.218043,4876.529813,7954.229062,19555.851118
128.844428,115.420922,112.952041,159.86956,124.457199,155.28113,206.204877,296.447942,523.34749,759.794671,1277.771072,2062.163362,3134.711166,4850.371702,8153.105026,19199.927307
122.249625,122.963868,119.204544,118.012692,147.91796,163.064449,200.133476,291.274326,468.90427,766.285411,1254.484937,2026.654718,3233.620103,4907.854953,8339.47174,19467.726655
130.032262,127.647821,115.140865,116.490462,131.092685,159.236057,221.063999,302.146341,472.388843,804.242566,1294.652471,2117.54623,3240.67134,5031.38712,8436.700343,19337.99343
135.596712,151.910176,123.31293,123.101636,133.798677,163.379497,222.113181,300.605529,484.747208,782.486907,1336.766011,2112.47513,3286.614143,5017.022699,8629.717614,19890.806616
127.470195,126.462764,116.889058,119.398465,136.17892,156.91915,203.781091,314.912511,489.257531,779.979813,1262.17223,2134.729362,3281.995818,5023.028783,8898.130499,20021.736595
124.510449,115.10547,114.186352,115.303743,125.115306,151.886733,209.16796,313.458795,488.945791,769.613104,1281.767491,2066.659542,3335.919335,5472.882223,8998.979799,20235.175552
133.306662,125.552607,146.843229,124.498946,137.342183,165.969192,209.297466,304.266908,459.086645,765.434046,1264.227375,2029.223118,3287.755564,5019.69463,9182.713464,19882.148672
124.749879,116.574184,112.639479,117.481168,148.243473,165.182062,214.085617,318.364596,475.555553,826.319804,1250.353571,2036.968311,3340.55523,4993.976492,9441.029452,20495.720527
130.237197,143.276617,115.472416,116.805262,152.613854,151.000659,198.723351,296.008025,468.031672,994.327027,1323.756224,2041.978925,3301.871872,4953.49419,9530.68166,20991.341325
127.217833,285.472453,112.618002,133.491459,125.611131,155.997488,199.800669,280.525913,450.002692,732.434346,1230.201599,2012.501403,3253.052819,5079.254086,9778.201525,20525.242961
125.752894,121.35837,120.00617,119.409773,143.162164,159.693632,215.704935,301.491638,469.782676,785.658213,1256.974632,2006.707613,3215.06391,4914.343424,9849.323552,20460.247092
142.935354,137.887852,129.610061,126.032816,131.488369,151.997642,204.036659,290.846134,468.469484,757.819497,1244.658831,2006.743664,3222.238866,4878.907671,10153.869288,20579.677425
118.789558,114.042959,110.826629,112.215532,121.02164,147.230644,196.249032,300.164618,464.987614,752.206214,1261.248139,1983.384106,3199.399929,4831.817354,10350.675978,20714.028985
122.800236,116.467142,111.819166,135.644869,124.922409,151.016121,202.035781,306.173279,465.28443,755.808703,1246.835552,2001.258004,3225.087388,4885.720234,10521.975511,21863.751939
119.467716,115.80698,114.656498,114.597817,136.3833,146.444081,194.947585,286.210529,463.333903,752.221483,1242.520275,2086.773681,3218.276775,4943.921879,10983.832214,21012.518978
120.537047,114.31495,111.187482,118.829035,121.953285,146.498234,207.904415,292.584794,455.248301,749.762944,1239.522549,2010.101364,3257.247436,4878.06008,10683.551705,21241.038843
110.744498,102.348634,101.776567,105.817059,118.996077,136.679409,202.025409,292.575622,477.88134,749.085541,1239.952166,2014.854714,3188.684663,4963.020558,11003.263737,21446.700313
123.6688,119.309704,112.339825,132.144187,132.289352,145.054132,203.908313,291.500623,466.378991,744.293001,1246.260336,1997.781505,3207.743644,4871.012112,11361.572046,21757.050623
119.47286,114.70033,112.634667,117.757343,123.468852,167.618965,221.360246,371.056718,613.962725,843.353499,1433.730798,2282.353004,3634.693389,5370.0528,11947.15798,22017.606041
130.24301,171.877926,121.870313,117.83172,128.29585,145.667781,208.654939,286.354266,471.763961,779.310009,1251.851745,1984.43009,3178.640818,4991.135788,11669.874998,22371.41949
152.997842,119.187232,114.955691,114.731252,133.676011,160.614294,193.818149,285.255468,446.524715,755.572331,1223.606655,1996.561879,3165.200166,4894.678016,11862.255178,22531.951614
137.115866,154.627385,135.258007,143.982931,165.536583,174.251523,209.641493,297.760128,521.732424,803.645957,1300.574512,2103.08686,3347.811745,5134.261452,12035.16017,23381.816379
134.336573,162.079035,124.383763,120.886824,133.193006,203.239733,218.343697,298.094176,498.200622,762.366983,1261.178665,2087.983555,3327.347283,5228.814407,12359.839595,24162.174629
151.961365,182.436413,121.687602,123.138381,136.531152,193.949866,236.651448,307.649657,477.697551,793.420631,1333.785579,2144.148645,3285.47943,5665.464043,12913.573444,22832.35507
136.13441,129.398186,118.697996,127.782101,127.904532,153.186066,218.64598,300.992289,479.424416,801.123929,1261.240562,2047.321837,3425.476123,5621.87847,12552.984952,23030.55609
132.9908,126.085488,122.702299,120.201457,130.57002,155.02017,201.568523,302.506587,475.694248,770.379954,1247.255961,2002.479086,3182.430365,5744.777728,12572.221501,22767.841647
127.430257,123.193856,140.090083,120.557841,126.083414,162.843975,214.680958,295.466005,483.190113,767.179929,1271.470765,2012.275851,3224.326946,5879.823707,12709.366846,22961.072766
141.465586,128.026054,123.385329,128.796322,128.911272,169.643874,202.846051,292.011507,472.379229,759.000838,1235.836648,2023.815534,3217.907011,6088.246203,12816.906681,24117.339354
194.276308,147.072502,128.536957,177.238175,158.646093,159.552481,216.618923,295.810395,485.725469,753.29999,1263.78694,2012.170442,3455.204408,6321.536457,13283.57263,23719.578323
131.136642,123.274184,126.016869,123.536319,126.445943,151.266004,201.163258,302.777737,458.920977,751.12386,1270.038968,2009.92867,3181.780794,6469.773638,13326.690383,23538.612782
126.330817,150.933439,159.207188,129.872072,130.545085,152.682673,201.899694,306.856479,458.468168,755.813062,1241.988767,2029.146111,3222.291182,6715.070982,13858.046266,23670.526659
217.402891,124.335412,119.017505,124.805843,124.068805,163.045559,199.885664,292.516475,468.679203,759.035598,1245.547019,2026.174307,3190.583923,7102.728497,13767.885218,23790.060331
142.007444,118.496041,156.738126,119.023207,150.296899,155.063011,203.745661,289.487561,459.293437,759.969289,1258.467581,2019.723596,3223.114571,7187.324402,13943.444887,24502.454919
124.599486,120.570039,118.151416,124.038701,133.568408,150.905162,210.048582,290.914993,485.700148,758.503949,1236.654371,2021.956499,3156.47624,7353.026378,14009.405072,24130.672269
132.862191,119.890222,106.782198,118.402926,125.213406,163.881268,217.975734,320.536163,476.999102,736.507109,1271.124658,2017.372322,3329.236183,7522.807857,14243.934608,24348.912994
163.549743,118.654977,119.980603,114.431913,128.602109,144.857987,191.943323,297.891516,438.813935,723.910382,1240.094794,2022.136128,3639.269039,7733.782837,14441.821037,24851.610161
143.799308,115.955272,110.459324,108.868578,120.740763,139.328702,202.420669,321.402774,443.182917,739.558288,1294.020097,2034.169355,3828.02484,8034.834368,14794.736573,24727.385022
138.979594,135.434772,134.933147,130.316884,149.326172,181.914785,227.243849,346.81248,506.430296,810.159036,1233.858986,1979.239935,3924.054398,8099.32697,15233.966707,25002.38229
135.674662,132.349469,123.536355,130.172617,135.785264,165.982148,225.101037,321.185979,526.266485,801.277283,1251.572674,2087.874084,4493.971329,8519.520268,15324.81586,26134.04953
157.876494,122.6112,136.05387,134.301701,131.057883,167.473581,219.933695,319.620492,485.54401,776.99959,1239.683843,2010.058729,4344.453451,8468.91455,15722.782501,25503.41692
136.589976,124.19815,163.474588,140.994106,142.609633,215.857571,243.170107,312.343217,464.572622,761.494951,1246.557043,2040.606804,5127.438418,8655.134069,16318.162329,28409.851349
133.019261,129.451784,125.679245,125.216881,131.869715,166.022161,243.856444,313.654125,540.80387,811.696433,1385.841488,2365.944147,4891.890901,9032.254425,16384.362399,26065.488563
140.008143,129.088213,120.464092,121.284052,139.662029,172.540987,214.611319,331.992084,478.553766,768.833794,1379.924092,2462.62406,5238.617905,9080.765076,15909.591703,26150.726196
144.629328,134.894046,135.581503,131.881739,137.518033,171.312547,209.232476,306.444712,481.529551,779.829539,1258.476902,2732.235374,5177.165828,9331.153249,15849.406714,25722.201367
131.657193,120.298051,121.785729,122.49611,144.177323,156.967304,205.191957,300.212375,471.606999,768.870227,1409.720395,2823.884298,5924.341791,9503.08551,16433.979077,26227.231468
157.463167,130.561295,152.607409,120.830311,136.698776,155.91088,204.701856,306.342045,478.444778,835.327182,1657.929077,3093.104063,5585.339865,9698.141932,16387.968457,26190.28729
171.994023,151.356186,144.236244,177.20917,176.975328,214.139807,271.199607,331.505092,619.260167,1299.890104,2290.759302,4100.057375,6060.531522,9859.621146,16710.059467,26900.02797
143.788828,138.069809,183.522982,131.722256,143.246314,178.327416,232.376366,335.063179,671.488469,985.705056,1540.861671,2552.252081,4249.321416,6816.427457,10463.064897,15293.165935
165.252557,139.827565,159.690505,151.116627,161.157919,175.950348,223.670729,336.638236,560.115589,889.9843,1488.123924,2628.660058,4245.150925,6813.276117,10529.884833,14672.536645
151.23743,133.336062,155.100309,128.224462,140.144297,200.450924,225.500157,347.804005,630.78052,932.46377,1541.397368,2558.782805,4210.658327,6763.783976,13987.943273,15008.829412
152.407322,131.247292,121.30311,126.680044,139.109132,177.915779,218.91435,324.625869,534.231534,902.92383,1502.671098,2562.289663,4129.530009,6889.881001,10249.954598,14541.721027
137.657773,179.007421,123.979648,126.758417,164.85976,170.893882,237.134389,347.203085,557.116965,888.718957,1504.560574,2524.222619,4220.841749,6619.466715,10561.36448,15541.864831
171.05195,154.664455,136.03719,140.931542,144.954538,185.397905,227.443363,359.765966,542.324995,900.647073,1518.818323,2538.981269,4206.93092,6786.711534,10190.480347,14516.535967
135.033367,128.984666,146.333691,145.661375,146.304186,180.777178,227.936699,355.44203,547.248122,899.295934,1515.315644,2526.339408,4169.729848,6786.793661,10259.968864,14838.185448
133.173245,127.076786,122.481403,122.378976,158.098492,162.496709,219.587478,326.70185,540.251679,878.527261,1473.258153,2488.701893,4226.337532,6577.348466,10401.176206,14388.893191
136.202806,126.908976,128.938093,125.612967,135.711119,166.782964,240.141347,340.09387,527.936335,891.88921,1483.116895,2502.593954,4126.387839,6570.280818,10272.061818,14258.318479
131.911026,159.374925,119.148206,141.217618,133.621494,180.218675,224.854162,330.449534,536.333479,897.109839,1502.738067,2546.270024,4119.264858,6659.646422,10239.214974,14407.651719
115.072564,109.541997,110.996782,110.595019,122.493507,148.672356,210.509628,340.094264,541.106674,878.917408,1469.838419,2548.293356,4121.280966,6614.907139,10285.103652,14231.210135
132.417176,126.593197,138.164543,128.170842,134.851042,164.99335,219.984722,339.085912,530.541035,881.283811,1480.087926,2490.787046,4144.270673,6487.958523,10226.390768,14367.402276
151.215374,160.979524,131.227063,125.830585,146.210443,170.884505,236.363277,334.184199,532.327276,896.338796,1521.788963,2496.387097,4175.380932,6959.554499,10570.641976,14800.680058
131.926375,122.567286,149.054169,151.936972,135.091271,173.799226,224.535107,350.173777,603.85881,1149.821802,1753.487818,2794.662317,4256.999633,7029.187984,10650.317781,14853.895481
133.985987,128.235597,125.80291,126.015759,138.697078,163.142201,222.417156,345.112333,544.270508,1145.595536,1500.036555,2511.637268,4254.237344,6835.026128,10753.822083,14505.202408
150.869271,154.434482,122.184942,144.635616,131.581772,159.901123,225.241034,323.096255,515.145081,871.647475,1446.540443,2435.984011,4092.748394,6589.259968,10176.408257,14631.80354
144.605062,124.71587,179.667085,221.786305,157.851991,184.969753,230.729495,327.499151,554.436111,869.517907,1480.461292,2606.594965,4270.205438,6832.898101,10606.438122,17844.394559
178.173366,162.517869,142.729253,148.055067,173.432674,189.10169,249.256441,377.641161,596.950749,959.676302,1597.908857,2659.114525,4369.92511,6959.310078,10347.917556,14404.739021
149.233736,142.181384,138.984086,141.138592,148.645436,188.399236,246.745868,355.64982,567.62457,952.278071,1623.379798,2648.538448,4301.09083,6969.407268,9924.858241,14031.239249
138.295776,130.081945,133.845999,133.585364,152.228833,245.215413,440.800947,414.408647,632.511853,1379.815957,2024.731513,2575.732672,4319.542808,7301.926454,10058.791984,14324.860104
161.704786,138.158009,123.060554,124.864258,140.826889,206.000465,229.822609,360.926769,562.80092,947.18261,1553.512693,2618.360756,4367.185491,6939.537472,10043.935288,16006.873548
244.448106,231.147367,160.983303,144.169053,152.572014,170.456038,225.950769,388.209692,560.132563,959.218336,1574.407721,2613.268732,4380.629048,6992.54089,10458.089263,14896.102819
136.237192,126.861593,126.604276,162.005939,164.171794,176.189781,247.469864,346.972187,662.133244,983.761841,1652.792714,2762.353574,4525.776635,6727.405765,9969.924476,14031.366344
155.141258,127.296287,155.796633,147.000829,138.41292,172.325216,241.534253,345.99749,549.292179,912.914992,1556.58743,2608.304748,4273.98486,7175.714967,11224.581952,14645.429494
163.319245,127.435624,138.770437,162.730981,189.969771,182.354957,239.223165,423.121062,563.995968,909.667248,1513.301456,2584.952505,4359.546423,7072.947957,10708.341222,16401.695215
177.185564,131.84851,133.774439,134.983521,140.594278,171.553158,240.448842,352.147026,540.417836,954.695747,1510.799082,2561.611364,4363.033457,6768.935495,10782.384713,17041.675421
143.840091,127.748877,133.840958,125.643311,135.88999,162.721439,222.298823,348.742196,525.17986,899.922943,1535.04201,3366.560017,5575.323771,8173.342999,10074.613121,14449.462079
168.010958,139.083157,137.605396,140.843752,238.807224,262.750215,295.427836,530.807002,664.062591,949.685472,1619.224291,2583.650786,4249.271678,6954.636093,10083.601912,15213.813113
152.937081,150.00577,139.866268,137.141229,167.660553,167.949357,243.724461,348.646052,711.075669,959.973874,1570.46753,2616.200984,4277.177361,6744.95937,10070.264056,14387.825983
137.564016,140.449821,163.377681,158.447151,161.597557,184.71552,241.088467,359.673587,616.656072,935.838245,1578.111971,2643.470095,4285.461284,6922.745421,10195.989687,14184.017076
141.31579,128.032779,125.278739,124.994099,138.0697,162.628331,225.562874,338.881765,577.09071,967.912089,1596.6797,2609.460405,4323.735475,6818.635546,10235.287982,14081.692589
187.218636,144.822716,150.066069,146.892108,161.857926,187.419628,250.324973,379.176382,577.362639,908.555967,1558.604603,2596.78292,4281.529993,6971.990102,10232.312969,14409.230351
169.023815,144.730466,145.442423,144.793593,151.671799,184.101736,265.233557,345.617078,593.525482,972.937068,1597.386007,2606.036709,4212.813586,6723.336488,10038.15561,14261.371263
151.580043,141.094084,146.822588,142.297685,161.69897,186.252569,258.920266,382.981453,566.118694,936.728027,1560.365344,2618.21806,4331.690012,6843.072467,10384.198912,14215.617452
138.727844,138.431487,163.951043,142.89289,151.427693,190.917886,238.3467,341.666861,584.394993,919.446023,1572.000063,2683.603833,4373.585866,6608.587363,10216.588457,14255.857095
185.964839,131.012772,137.291837,135.071652,147.090099,175.211684,246.109322,346.068156,555.910426,938.059459,1516.510973,2594.695882,4282.847234,6926.85864,10322.386546,14274.373267
151.536974,176.414979,143.412136,142.789844,155.630807,179.211213,244.518401,351.155708,559.511556,938.239361,1517.990293,2579.923091,4177.026238,6617.945602,9812.629139,13764.684268
149.255431,140.714285,150.94661,138.714321,145.879824,181.412655,244.169414,351.952215,547.413725,912.43566,1522.288145,2536.057204,4163.218556,6689.880637,10098.62105,13850.63442
149.044042,135.939812,166.115088,149.372756,142.462229,173.434264,240.407274,353.544347,550.484543,888.415454,1478.511617,2509.523249,4352.600932,6671.440264,10025.441901,14041.028404
152.240597,134.654875,164.048983,139.551023,171.364107,181.688096,241.508076,357.998668,549.872441,903.287784,1510.352546,2519.16258,4135.350693,6575.797228,9996.816032,13876.333831
151.84472,139.83337,136.069178,136.514346,150.369617,174.069664,257.539378,366.9077,548.984571,930.261383,1499.171037,2546.522224,4164.22063,6636.562545,9807.907821,13873.782376
149.55457,182.145612,136.340067,145.608818,150.754558,180.289808,245.723999,357.010119,544.058857,903.184425,1491.455062,2489.475588,4162.029541,6442.878729,9899.399682,14024.161985
148.840963,167.843613,131.266649,135.226293,161.116359,172.780828,234.690559,363.545395,547.148826,889.918092,1518.837837,2516.529589,4178.494885,6487.860827,9879.246311,14190.051377
161.024153,140.742421,147.197851,135.232572,143.450911,176.231489,252.68009,345.833249,574.941403,919.564392,1510.798627,2543.869389,4259.978584,6619.323172,10061.614129,13835.91391
172.707012,137.327192,138.070298,145.479653,141.278324,166.827426,219.952496,335.949698,515.980949,906.217352,1551.418756,2532.523071,4444.493871,6791.223699,9985.92665,14297.887131
131.330878,133.83892,122.449375,163.102979,144.466464,180.015475,240.222744,336.32824,529.920119,866.663082,1448.039205,2428.783453,4129.103801,6482.682893,10075.769499,13612.788584
140.826677,131.409527,131.719997,133.268531,140.352192,169.647909,230.882239,321.384387,521.533248,871.427217,1452.370706,2432.038554,4061.427951,7044.213206,9672.936334,13743.946988
164.705996,137.160027,141.24071,126.086433,140.336173,171.267055,240.826944,343.668937,542.320157,868.47576,1430.609977,2440.032341,4048.948514,6540.706071,9767.626864,14147.389082
178.540574,120.507011,121.279004,125.03577,131.560963,178.950404,226.759851,331.878774,519.190713,855.786302,1474.798297,2740.349193,4101.720826,6445.805539,9822.495888,13789.917622
132.055189,155.732684,123.087565,145.00688,138.728447,178.159258,237.293134,328.724726,589.506219,866.017552,1614.951282,2484.768658,4642.214404,6301.868646,9635.00964,13827.018234
127.387574,154.467796,119.600428,122.035308,132.161945,157.68958,231.492704,325.536192,519.827575,860.370736,1441.63698,2465.008151,4124.016917,6349.921435,9463.780685,13664.331366
114.498836,107.413212,103.392363,121.503799,117.759513,148.043552,205.964995,318.886384,518.611529,906.152824,1480.503955,2462.463796,4059.961652,6459.657184,9494.005239,13515.214806
163.969074,125.932944,132.802042,128.130432,134.439695,162.485359,218.649811,345.190639,523.400363,937.766378,1444.028248,2462.858652,4010.514856,6360.53342,9584.482525,13510.854431
157.69036,124.020646,121.512778,125.594101,135.773736,163.343819,229.329584,336.334212,528.672094,856.457586,1436.13495,2587.436677,4171.854771,6406.645401,10258.715515,13700.763605
136.187485,137.67528,137.630224,125.878065,144.157892,160.787067,217.875281,328.716505,513.084668,866.225553,1462.788229,2438.092752,4355.0942,6572.106147,9608.00053,14448.451096
160.445667,141.618633,128.963989,122.396737,138.867534,161.832822,216.088968,332.130205,515.624298,866.915367,1452.2794,2995.382755,3953.622497,6357.196865,9515.032621,13432.967394
129.193015,124.005506,127.697089,121.033398,130.079411,160.336517,215.735365,321.573741,522.554656,850.871146,1431.164473,2447.174447,4055.406409,6340.460684,9710.983368,13562.606184
129.021051,127.854503,130.963647,134.540846,140.404528,168.397179,224.544768,327.596059,532.385782,870.918747,1467.935807,2466.255278,4048.163036,6429.267053,9665.527553,13321.016055
139.419029,158.722183,131.122992,132.566975,146.998296,199.763757,228.324084,412.421128,555.715596,898.049649,1497.020607,2445.443337,4054.341777,6373.385056,9897.017551,13454.241852
173.540536,138.751036,138.234897,128.455973,141.121085,172.544381,219.417209,327.379203,597.891337,874.839037,1473.365051,2451.541795,4117.20292,6572.066763,9856.571443,13371.068232
154.153168,141.013859,128.926904,129.875336,144.926487,167.101184,219.999699,323.524152,527.538752,863.403998,1454.788919,2412.215443,4615.390988,6378.781974,9516.750344,13336.219749
155.012885,127.919742,152.051557,129.751813,207.691276,190.312232,239.386472,336.733143,525.054758,926.178625,1554.396537,2664.230937,4368.746674,7033.335738,10284.082646,14672.041635
178.575077,224.660427,120.647179,172.584751,137.169487,170.235807,221.828119,318.736693,523.273854,868.126247,1476.80097,2557.508177,4018.687327,6276.982513,9964.821585,13299.318918
138.513541,127.638514,153.997249,126.923686,143.520626,201.42956,212.323305,326.344441,510.386075,871.731411,1488.558758,2463.815545,4100.581067,6415.110846,9687.464636,13485.929859
132.567228,126.69256,122.470543,125.185916,137.409847,160.291287,218.750736,326.176383,524.954053,865.740808,1458.980058,2416.772825,4056.16526,6448.058359,9627.111887,13529.593258
162.648422,133.335799,134.33622,148.147516,163.528633,168.581401,223.256696,328.308301,523.531377,863.529799,1452.232241,2456.761841,4061.556121,6298.482452,9598.619318,13486.916382
132.683327,153.30624,123.556721,145.808446,157.276517,166.033667,221.478931,331.706634,521.346406,950.56263,1445.966866,2446.814528,4106.46166,6291.632323,9644.640932,13455.851694
129.638104,122.7785,148.216994,138.437887,134.815048,172.264163,221.06421,319.189601,504.151011,840.278076,1405.890789,2437.723368,4165.960736,6297.164905,9630.970756,13648.498289
134.665317,132.097008,148.548142,122.27614,147.73874,163.292224,216.531934,333.264905,510.554292,973.507425,1410.163287,2523.992043,4007.289219,6358.096099,9541.768149,13513.881985
160.220524,130.640331,136.386853,124.937683,135.708012,154.10636,210.121594,321.782471,500.744495,813.415889,1400.396211,2445.723224,4068.657796,6337.151612,10370.772429,13815.867617
124.371353,120.428886,156.026255,120.754656,128.552034,153.932335,211.610743,312.018033,574.422911,805.770539,1428.217509,2580.086399,4181.441806,6374.972324,9557.371825,13549.717828
125.524468,109.033085,138.691982,114.046519,118.827438,143.822881,192.351526,278.507095,455.901682,807.759884,1381.527981,2449.576421,4072.054931,6233.585514,9552.688276,13353.093467
152.551444,151.164172,143.47764,147.352932,160.466489,195.910082,247.006207,366.857075,570.201827,920.924592,1536.443602,2349.953328,3994.300895,6440.379516,10094.42381,13369.071471
149.622645,174.619545,169.403022,174.107057,159.544419,185.078736,323.304685,396.689375,570.507724,992.103535,1577.265775,2486.314298,4029.732711,6488.902401,9788.525524,13746.098166
154.827159,225.889923,137.144575,136.344814,146.797572,196.597925,231.477613,342.503824,660.130523,895.629898,1506.555984,2447.144577,4024.275946,6712.263587,11171.803997,13652.037938
140.803122,143.383937,141.512643,141.617156,149.582654,185.56128,240.08062,345.882487,555.504003,911.369767,1538.185998,2581.39951,4130.271935,6316.137761,9665.990322,13779.832388
